"","rules","support","confidence","lift","count"
"2","{Chest.circumference=[111,136]} => {Adiposity.index=[29,48.9]}",0.103174603174603,0.866666666666667,5.32682926829268,26
"640","{Neck.circumference=[31.1,36.6),Chest.circumference=[79.3,95),Abdomen.circumference=[69.4,84.9),Thigh.circumference=[47.2,55.6)} => {Adiposity.index=[18.1,22.4)}",0.115079365079365,0.90625,4.96467391304348,29
"620","{Weight=[118,158),Neck.circumference=[31.1,36.6),Chest.circumference=[79.3,95),Thigh.circumference=[47.2,55.6)} => {Adiposity.index=[18.1,22.4)}",0.111111111111111,0.903225806451613,4.94810659186536,28
"635","{Neck.circumference=[31.1,36.6),Chest.circumference=[79.3,95),Hip.circumference=[85,95.4),Thigh.circumference=[47.2,55.6)} => {Adiposity.index=[18.1,22.4)}",0.103174603174603,0.896551724137931,4.91154422788606,26
"283","{Chest.circumference=[79.3,95),Abdomen.circumference=[69.4,84.9),Thigh.circumference=[47.2,55.6)} => {Adiposity.index=[18.1,22.4)}",0.123015873015873,0.885714285714286,4.85217391304348,31
"291","{Neck.circumference=[31.1,36.6),Chest.circumference=[79.3,95),Thigh.circumference=[47.2,55.6)} => {Adiposity.index=[18.1,22.4)}",0.123015873015873,0.885714285714286,4.85217391304348,31
"817","{Weight=[118,158),Neck.circumference=[31.1,36.6),Chest.circumference=[79.3,95),Abdomen.circumference=[69.4,84.9),Hip.circumference=[85,95.4)} => {Adiposity.index=[18.1,22.4)}",0.111111111111111,0.875,4.79347826086957,28
"591","{Neck.circumference=[31.1,36.6),Chest.circumference=[79.3,95),Abdomen.circumference=[69.4,84.9),Knee.circumference=[33,36.7)} => {Adiposity.index=[18.1,22.4)}",0.107142857142857,0.870967741935484,4.77138849929874,27
"218","{Chest.circumference=[79.3,95),Thigh.circumference=[47.2,55.6),Knee.circumference=[33,36.7)} => {Adiposity.index=[18.1,22.4)}",0.103174603174603,0.866666666666667,4.74782608695652,26
"576","{Weight=[118,158),Neck.circumference=[31.1,36.6),Chest.circumference=[79.3,95),Knee.circumference=[33,36.7)} => {Adiposity.index=[18.1,22.4)}",0.103174603174603,0.866666666666667,4.74782608695652,26
"265","{Weight=[118,158),Chest.circumference=[79.3,95),Thigh.circumference=[47.2,55.6)} => {Adiposity.index=[18.1,22.4)}",0.119047619047619,0.857142857142857,4.69565217391304,30
"645","{Weight=[118,158),Chest.circumference=[79.3,95),Abdomen.circumference=[69.4,84.9),Hip.circumference=[85,95.4)} => {Adiposity.index=[18.1,22.4)}",0.119047619047619,0.857142857142857,4.69565217391304,30
"665","{Neck.circumference=[31.1,36.6),Chest.circumference=[79.3,95),Abdomen.circumference=[69.4,84.9),Hip.circumference=[85,95.4)} => {Adiposity.index=[18.1,22.4)}",0.115079365079365,0.852941176470588,4.67263427109974,29
"254","{Neck.circumference=[31.1,36.6),Chest.circumference=[79.3,95),Knee.circumference=[33,36.7)} => {Adiposity.index=[18.1,22.4)}",0.111111111111111,0.848484848484849,4.64822134387352,28
"276","{Chest.circumference=[79.3,95),Hip.circumference=[85,95.4),Thigh.circumference=[47.2,55.6)} => {Adiposity.index=[18.1,22.4)}",0.111111111111111,0.848484848484849,4.64822134387352,28
"615","{Weight=[118,158),Neck.circumference=[31.1,36.6),Abdomen.circumference=[69.4,84.9),Thigh.circumference=[47.2,55.6)} => {Adiposity.index=[18.1,22.4)}",0.111111111111111,0.848484848484849,4.64822134387352,28
"655","{Weight=[118,158),Neck.circumference=[31.1,36.6),Chest.circumference=[79.3,95),Hip.circumference=[85,95.4)} => {Adiposity.index=[18.1,22.4)}",0.111111111111111,0.848484848484849,4.64822134387352,28
"27","{Chest.circumference=[79.3,95),Thigh.circumference=[47.2,55.6)} => {Adiposity.index=[18.1,22.4)}",0.130952380952381,0.846153846153846,4.63545150501672,33
"222","{Neck.circumference=[31.1,36.6),Thigh.circumference=[47.2,55.6),Knee.circumference=[33,36.7)} => {Adiposity.index=[18.1,22.4)}",0.103174603174603,0.838709677419355,4.59467040673212,26
"566","{Weight=[118,158),Chest.circumference=[79.3,95),Abdomen.circumference=[69.4,84.9),Knee.circumference=[33,36.7)} => {Adiposity.index=[18.1,22.4)}",0.103174603174603,0.838709677419355,4.59467040673212,26
"571","{Weight=[118,158),Neck.circumference=[31.1,36.6),Abdomen.circumference=[69.4,84.9),Knee.circumference=[33,36.7)} => {Adiposity.index=[18.1,22.4)}",0.103174603174603,0.838709677419355,4.59467040673212,26
"581","{Chest.circumference=[79.3,95),Abdomen.circumference=[69.4,84.9),Hip.circumference=[85,95.4),Knee.circumference=[33,36.7)} => {Adiposity.index=[18.1,22.4)}",0.103174603174603,0.838709677419355,4.59467040673212,26
"586","{Neck.circumference=[31.1,36.6),Abdomen.circumference=[69.4,84.9),Hip.circumference=[85,95.4),Knee.circumference=[33,36.7)} => {Adiposity.index=[18.1,22.4)}",0.103174603174603,0.838709677419355,4.59467040673212,26
"287","{Neck.circumference=[31.1,36.6),Abdomen.circumference=[69.4,84.9),Thigh.circumference=[47.2,55.6)} => {Adiposity.index=[18.1,22.4)}",0.119047619047619,0.833333333333333,4.56521739130435,30
"321","{Neck.circumference=[31.1,36.6),Chest.circumference=[79.3,95),Hip.circumference=[85,95.4)} => {Adiposity.index=[18.1,22.4)}",0.115079365079365,0.828571428571429,4.53913043478261,29
"650","{Weight=[118,158),Neck.circumference=[31.1,36.6),Abdomen.circumference=[69.4,84.9),Hip.circumference=[85,95.4)} => {Adiposity.index=[18.1,22.4)}",0.115079365079365,0.828571428571429,4.53913043478261,29
"660","{Weight=[118,158),Neck.circumference=[31.1,36.6),Chest.circumference=[79.3,95),Abdomen.circumference=[69.4,84.9)} => {Adiposity.index=[18.1,22.4)}",0.115079365079365,0.828571428571429,4.53913043478261,29
"325","{Neck.circumference=[31.1,36.6),Chest.circumference=[79.3,95),Abdomen.circumference=[69.4,84.9)} => {Adiposity.index=[18.1,22.4)}",0.130952380952381,0.825,4.5195652173913,33
"247","{Chest.circumference=[79.3,95),Abdomen.circumference=[69.4,84.9),Knee.circumference=[33,36.7)} => {Adiposity.index=[18.1,22.4)}",0.111111111111111,0.823529411764706,4.51150895140665,28
"251","{Neck.circumference=[31.1,36.6),Abdomen.circumference=[69.4,84.9),Knee.circumference=[33,36.7)} => {Adiposity.index=[18.1,22.4)}",0.111111111111111,0.823529411764706,4.51150895140665,28
"235","{Weight=[118,158),Neck.circumference=[31.1,36.6),Knee.circumference=[33,36.7)} => {Adiposity.index=[18.1,22.4)}",0.107142857142857,0.818181818181818,4.48221343873518,27
"215","{Abdomen.circumference=[69.4,84.9),Thigh.circumference=[47.2,55.6),Knee.circumference=[33,36.7)} => {Adiposity.index=[18.1,22.4)}",0.103174603174603,0.8125,4.45108695652174,26
"561","{Weight=[118,158),Abdomen.circumference=[69.4,84.9),Hip.circumference=[85,95.4),Knee.circumference=[33,36.7)} => {Adiposity.index=[18.1,22.4)}",0.103174603174603,0.8125,4.45108695652174,26
"261","{Weight=[118,158),Abdomen.circumference=[69.4,84.9),Thigh.circumference=[47.2,55.6)} => {Adiposity.index=[18.1,22.4)}",0.119047619047619,0.810810810810811,4.44183313748531,30
"311","{Weight=[118,158),Neck.circumference=[31.1,36.6),Chest.circumference=[79.3,95)} => {Adiposity.index=[18.1,22.4)}",0.119047619047619,0.810810810810811,4.44183313748531,30
"269","{Weight=[118,158),Neck.circumference=[31.1,36.6),Thigh.circumference=[47.2,55.6)} => {Adiposity.index=[18.1,22.4)}",0.115079365079365,0.805555555555556,4.41304347826087,29
"24","{Abdomen.circumference=[69.4,84.9),Thigh.circumference=[47.2,55.6)} => {Adiposity.index=[18.1,22.4)}",0.126984126984127,0.8,4.38260869565217,32
"304","{Weight=[118,158),Chest.circumference=[79.3,95),Abdomen.circumference=[69.4,84.9)} => {Adiposity.index=[18.1,22.4)}",0.126984126984127,0.8,4.38260869565217,32
"256","{Adiposity.index=[18.1,22.4),Hip.circumference=[85,95.4),Thigh.circumference=[47.2,55.6)} => {Weight=[118,158)}",0.119047619047619,1,4.27118644067797,30
"406","{Chest.circumference=[79.3,95),Hip.circumference=[85,95.4),Thigh.circumference=[47.2,55.6)} => {Weight=[118,158)}",0.130952380952381,1,4.27118644067797,33
"402","{Abdomen.circumference=[69.4,84.9),Hip.circumference=[85,95.4),Thigh.circumference=[47.2,55.6)} => {Weight=[118,158)}",0.142857142857143,0.972972972972973,4.15574896930829,36
"410","{Neck.circumference=[31.1,36.6),Hip.circumference=[85,95.4),Thigh.circumference=[47.2,55.6)} => {Weight=[118,158)}",0.134920634920635,0.971428571428571,4.14915254237288,34
"257","{Weight=[118,158),Adiposity.index=[18.1,22.4),Hip.circumference=[85,95.4)} => {Thigh.circumference=[47.2,55.6)}",0.119047619047619,0.9375,4.14473684210526,30
"31","{Adiposity.index=[18.1,22.4),Hip.circumference=[85,95.4)} => {Weight=[118,158)}",0.126984126984127,0.96969696969697,4.14175654853621,32
"268","{Weight=[118,158),Adiposity.index=[18.1,22.4),Neck.circumference=[31.1,36.6)} => {Thigh.circumference=[47.2,55.6)}",0.115079365079365,0.935483870967742,4.1358234295416,29
"337","{Chest.circumference=[79.3,95),Thigh.circumference=[47.2,55.6),Knee.circumference=[33,36.7)} => {Weight=[118,158)}",0.115079365079365,0.966666666666667,4.12881355932203,29
"209","{Adiposity.index=[18.1,22.4),Thigh.circumference=[47.2,55.6),Knee.circumference=[33,36.7)} => {Weight=[118,158)}",0.107142857142857,0.964285714285714,4.11864406779661,27
"723","{Neck.circumference=[31.1,36.6),Chest.circumference=[79.3,95),Hip.circumference=[85,95.4),Knee.circumference=[33,36.7)} => {Weight=[118,158)}",0.107142857142857,0.964285714285714,4.11864406779661,27
"210","{Weight=[118,158),Adiposity.index=[18.1,22.4),Knee.circumference=[33,36.7)} => {Thigh.circumference=[47.2,55.6)}",0.107142857142857,0.931034482758621,4.11615245009074,27
"19","{Weight=[118,158),Adiposity.index=[18.1,22.4)} => {Thigh.circumference=[47.2,55.6)}",0.126984126984127,0.914285714285714,4.04210526315789,32
"739","{Weight=[118,158),Chest.circumference=[79.3,95),Abdomen.circumference=[69.4,84.9),Hip.circumference=[85,95.4)} => {Thigh.circumference=[47.2,55.6)}",0.126984126984127,0.914285714285714,4.04210526315789,32
"744","{Weight=[118,158),Neck.circumference=[31.1,36.6),Abdomen.circumference=[69.4,84.9),Hip.circumference=[85,95.4)} => {Thigh.circumference=[47.2,55.6)}",0.126984126984127,0.914285714285714,4.04210526315789,32
"417","{Chest.circumference=[79.3,95),Abdomen.circumference=[69.4,84.9),Thigh.circumference=[47.2,55.6)} => {Weight=[118,158)}",0.130952380952381,0.942857142857143,4.0271186440678,33
"460","{Neck.circumference=[31.1,36.6),Chest.circumference=[79.3,95),Hip.circumference=[85,95.4)} => {Weight=[118,158)}",0.130952380952381,0.942857142857143,4.0271186440678,33
"329","{Hip.circumference=[85,95.4),Thigh.circumference=[47.2,55.6),Knee.circumference=[33,36.7)} => {Weight=[118,158)}",0.126984126984127,0.941176470588235,4.01994017946162,32
"401","{Weight=[118,158),Abdomen.circumference=[69.4,84.9),Thigh.circumference=[47.2,55.6)} => {Hip.circumference=[85,95.4)}",0.142857142857143,0.972972972972973,4.01949490474081,36
"21","{Adiposity.index=[18.1,22.4),Hip.circumference=[85,95.4)} => {Thigh.circumference=[47.2,55.6)}",0.119047619047619,0.909090909090909,4.01913875598086,30
"372","{Chest.circumference=[79.3,95),Hip.circumference=[85,95.4),Knee.circumference=[33,36.7)} => {Weight=[118,158)}",0.123015873015873,0.939393939393939,4.01232665639445,31
"669","{Weight=[118,158),Abdomen.circumference=[69.4,84.9),Hip.circumference=[85,95.4),Knee.circumference=[33,36.7)} => {Thigh.circumference=[47.2,55.6)}",0.115079365079365,0.90625,4.00657894736842,29
"259","{Adiposity.index=[18.1,22.4),Abdomen.circumference=[69.4,84.9),Thigh.circumference=[47.2,55.6)} => {Weight=[118,158)}",0.119047619047619,0.9375,4.00423728813559,30
"333","{Abdomen.circumference=[69.4,84.9),Thigh.circumference=[47.2,55.6),Knee.circumference=[33,36.7)} => {Weight=[118,158)}",0.119047619047619,0.9375,4.00423728813559,30
"11","{Adiposity.index=[18.1,22.4),Knee.circumference=[33,36.7)} => {Weight=[118,158)}",0.115079365079365,0.935483870967742,3.99562602515035,29
"341","{Neck.circumference=[31.1,36.6),Thigh.circumference=[47.2,55.6),Knee.circumference=[33,36.7)} => {Weight=[118,158)}",0.115079365079365,0.935483870967742,3.99562602515035,29
"718","{Neck.circumference=[31.1,36.6),Abdomen.circumference=[69.4,84.9),Hip.circumference=[85,95.4),Knee.circumference=[33,36.7)} => {Weight=[118,158)}",0.115079365079365,0.935483870967742,3.99562602515035,29
"728","{Neck.circumference=[31.1,36.6),Chest.circumference=[79.3,95),Abdomen.circumference=[69.4,84.9),Knee.circumference=[33,36.7)} => {Weight=[118,158)}",0.115079365079365,0.935483870967742,3.99562602515035,29
"648","{Weight=[118,158),Adiposity.index=[18.1,22.4),Neck.circumference=[31.1,36.6),Abdomen.circumference=[69.4,84.9)} => {Hip.circumference=[85,95.4)}",0.115079365079365,0.966666666666667,3.99344262295082,29
"10","{Adiposity.index=[18.1,22.4),Knee.circumference=[33,36.7)} => {Thigh.circumference=[47.2,55.6)}",0.111111111111111,0.903225806451613,3.99320882852292,28
"403","{Weight=[118,158),Abdomen.circumference=[69.4,84.9),Hip.circumference=[85,95.4)} => {Thigh.circumference=[47.2,55.6)}",0.142857142857143,0.9,3.97894736842105,36
"679","{Weight=[118,158),Neck.circumference=[31.1,36.6),Hip.circumference=[85,95.4),Knee.circumference=[33,36.7)} => {Thigh.circumference=[47.2,55.6)}",0.107142857142857,0.9,3.97894736842105,27
"558","{Weight=[118,158),Adiposity.index=[18.1,22.4),Abdomen.circumference=[69.4,84.9),Knee.circumference=[33,36.7)} => {Hip.circumference=[85,95.4)}",0.103174603174603,0.962962962962963,3.97814207650273,26
"82","{Hip.circumference=[85,95.4),Thigh.circumference=[47.2,55.6)} => {Weight=[118,158)}",0.158730158730159,0.930232558139535,3.97319668900276,40
"411","{Weight=[118,158),Neck.circumference=[31.1,36.6),Hip.circumference=[85,95.4)} => {Thigh.circumference=[47.2,55.6)}",0.134920634920635,0.894736842105263,3.95567867036011,34
"85","{Abdomen.circumference=[69.4,84.9),Thigh.circumference=[47.2,55.6)} => {Weight=[118,158)}",0.146825396825397,0.925,3.95084745762712,37
"313","{Adiposity.index=[18.1,22.4),Chest.circumference=[79.3,95),Hip.circumference=[85,95.4)} => {Abdomen.circumference=[69.4,84.9)}",0.123015873015873,1,3.9375,31
"316","{Adiposity.index=[18.1,22.4),Neck.circumference=[31.1,36.6),Hip.circumference=[85,95.4)} => {Abdomen.circumference=[69.4,84.9)}",0.119047619047619,1,3.9375,30
"732","{Neck.circumference=[31.1,36.6),Chest.circumference=[79.3,95),Hip.circumference=[85,95.4),Knee.circumference=[33,36.7)} => {Abdomen.circumference=[69.4,84.9)}",0.111111111111111,1,3.9375,28
"757","{Neck.circumference=[31.1,36.6),Chest.circumference=[79.3,95),Hip.circumference=[85,95.4),Thigh.circumference=[47.2,55.6)} => {Abdomen.circumference=[69.4,84.9)}",0.115079365079365,1,3.9375,29
"453","{Neck.circumference=[31.1,36.6),Abdomen.circumference=[69.4,84.9),Hip.circumference=[85,95.4)} => {Weight=[118,158)}",0.138888888888889,0.921052631578947,3.93398751115076,35
"409","{Weight=[118,158),Neck.circumference=[31.1,36.6),Thigh.circumference=[47.2,55.6)} => {Hip.circumference=[85,95.4)}",0.134920634920635,0.944444444444444,3.90163934426229,34
"334","{Weight=[118,158),Abdomen.circumference=[69.4,84.9),Knee.circumference=[33,36.7)} => {Thigh.circumference=[47.2,55.6)}",0.119047619047619,0.882352941176471,3.90092879256966,30
"405","{Weight=[118,158),Chest.circumference=[79.3,95),Thigh.circumference=[47.2,55.6)} => {Hip.circumference=[85,95.4)}",0.130952380952381,0.942857142857143,3.89508196721311,33
"377","{Chest.circumference=[79.3,95),Abdomen.circumference=[69.4,84.9),Knee.circumference=[33,36.7)} => {Weight=[118,158)}",0.123015873015873,0.911764705882353,3.89431704885344,31
"380","{Neck.circumference=[31.1,36.6),Abdomen.circumference=[69.4,84.9),Knee.circumference=[33,36.7)} => {Weight=[118,158)}",0.123015873015873,0.911764705882353,3.89431704885344,31
"328","{Weight=[118,158),Thigh.circumference=[47.2,55.6),Knee.circumference=[33,36.7)} => {Hip.circumference=[85,95.4)}",0.126984126984127,0.941176470588235,3.88813886210222,32
"367","{Weight=[118,158),Abdomen.circumference=[69.4,84.9),Knee.circumference=[33,36.7)} => {Hip.circumference=[85,95.4)}",0.126984126984127,0.941176470588235,3.88813886210222,32
"342","{Weight=[118,158),Neck.circumference=[31.1,36.6),Knee.circumference=[33,36.7)} => {Thigh.circumference=[47.2,55.6)}",0.115079365079365,0.878787878787879,3.88516746411483,29
"639","{Adiposity.index=[18.1,22.4),Neck.circumference=[31.1,36.6),Chest.circumference=[79.3,95),Abdomen.circumference=[69.4,84.9)} => {Thigh.circumference=[47.2,55.6)}",0.115079365079365,0.878787878787879,3.88516746411483,29
"263","{Adiposity.index=[18.1,22.4),Chest.circumference=[79.3,95),Thigh.circumference=[47.2,55.6)} => {Weight=[118,158)}",0.119047619047619,0.909090909090909,3.8828967642527,30
"374","{Neck.circumference=[31.1,36.6),Hip.circumference=[85,95.4),Knee.circumference=[33,36.7)} => {Weight=[118,158)}",0.119047619047619,0.909090909090909,3.8828967642527,30
"384","{Neck.circumference=[31.1,36.6),Chest.circumference=[79.3,95),Knee.circumference=[33,36.7)} => {Weight=[118,158)}",0.119047619047619,0.909090909090909,3.8828967642527,30
"293","{Weight=[118,158),Adiposity.index=[18.1,22.4),Abdomen.circumference=[69.4,84.9)} => {Hip.circumference=[85,95.4)}",0.123015873015873,0.939393939393939,3.88077496274218,31
"118","{Chest.circumference=[79.3,95),Hip.circumference=[85,95.4)} => {Weight=[118,158)}",0.154761904761905,0.906976744186046,3.87386677177769,39
"255","{Weight=[118,158),Adiposity.index=[18.1,22.4),Thigh.circumference=[47.2,55.6)} => {Hip.circumference=[85,95.4)}",0.119047619047619,0.9375,3.87295081967213,30
"345","{Abdomen.circumference=[69.4,84.9),Thigh.circumference=[47.2,55.6),Knee.circumference=[33,36.7)} => {Hip.circumference=[85,95.4)}",0.119047619047619,0.9375,3.87295081967213,30
"267","{Adiposity.index=[18.1,22.4),Neck.circumference=[31.1,36.6),Thigh.circumference=[47.2,55.6)} => {Weight=[118,158)}",0.115079365079365,0.90625,3.87076271186441,29
"299","{Weight=[118,158),Adiposity.index=[18.1,22.4),Neck.circumference=[31.1,36.6)} => {Hip.circumference=[85,95.4)}",0.115079365079365,0.935483870967742,3.86462189317821,29
"234","{Weight=[118,158),Adiposity.index=[18.1,22.4),Neck.circumference=[31.1,36.6)} => {Knee.circumference=[33,36.7)}",0.107142857142857,0.870967741935484,3.85059422750424,27
"674","{Weight=[118,158),Chest.circumference=[79.3,95),Hip.circumference=[85,95.4),Knee.circumference=[33,36.7)} => {Thigh.circumference=[47.2,55.6)}",0.107142857142857,0.870967741935484,3.85059422750424,27
"703","{Neck.circumference=[31.1,36.6),Abdomen.circumference=[69.4,84.9),Hip.circumference=[85,95.4),Knee.circumference=[33,36.7)} => {Thigh.circumference=[47.2,55.6)}",0.107142857142857,0.870967741935484,3.85059422750424,27
"223","{Weight=[118,158),Adiposity.index=[18.1,22.4),Knee.circumference=[33,36.7)} => {Hip.circumference=[85,95.4)}",0.107142857142857,0.931034482758621,3.84624081401922,27
"237","{Adiposity.index=[18.1,22.4),Abdomen.circumference=[69.4,84.9),Knee.circumference=[33,36.7)} => {Hip.circumference=[85,95.4)}",0.107142857142857,0.931034482758621,3.84624081401922,27
"81","{Weight=[118,158),Thigh.circumference=[47.2,55.6)} => {Hip.circumference=[85,95.4)}",0.158730158730159,0.930232558139535,3.84292794510103,40
"422","{Weight=[118,158),Neck.circumference=[31.1,36.6),Abdomen.circumference=[69.4,84.9)} => {Thigh.circumference=[47.2,55.6)}",0.130952380952381,0.868421052631579,3.8393351800554,33
"434","{Neck.circumference=[31.1,36.6),Abdomen.circumference=[69.4,84.9),Hip.circumference=[85,95.4)} => {Thigh.circumference=[47.2,55.6)}",0.130952380952381,0.868421052631579,3.8393351800554,33
"444","{Percent.body.fat.using.Siri=[0,12.4),Weight=[118,158),Abdomen.circumference=[69.4,84.9)} => {Hip.circumference=[85,95.4)}",0.103174603174603,0.928571428571429,3.83606557377049,26
"88","{Chest.circumference=[79.3,95),Thigh.circumference=[47.2,55.6)} => {Weight=[118,158)}",0.138888888888889,0.897435897435897,3.83311603650587,35
"244","{Adiposity.index=[18.1,22.4),Neck.circumference=[31.1,36.6),Hip.circumference=[85,95.4)} => {Knee.circumference=[33,36.7)}",0.103174603174603,0.866666666666667,3.83157894736842,26
"456","{Abdomen.circumference=[69.4,84.9),Hip.circumference=[85,95.4),Ankle.circumference=[21.4,22.8)} => {Weight=[118,158)}",0.103174603174603,0.896551724137931,3.82933956750438,26
"61","{Weight=[118,158),Knee.circumference=[33,36.7)} => {Hip.circumference=[85,95.4)}",0.150793650793651,0.926829268292683,3.82886845261895,38
"471","{Neck.circumference=[31.1,36.6),Chest.circumference=[79.3,95),Hip.circumference=[85,95.4)} => {Abdomen.circumference=[69.4,84.9)}",0.134920634920635,0.971428571428571,3.825,34
"54","{Thigh.circumference=[47.2,55.6),Knee.circumference=[33,36.7)} => {Weight=[118,158)}",0.134920634920635,0.894736842105263,3.82158786797502,34
"94","{Abdomen.circumference=[69.4,84.9),Thigh.circumference=[47.2,55.6)} => {Hip.circumference=[85,95.4)}",0.146825396825397,0.925,3.82131147540984,37
"38","{Adiposity.index=[18.1,22.4),Hip.circumference=[85,95.4)} => {Abdomen.circumference=[69.4,84.9)}",0.126984126984127,0.96969696969697,3.81818181818182,32
"302","{Weight=[118,158),Adiposity.index=[18.1,22.4),Chest.circumference=[79.3,95)} => {Abdomen.circumference=[69.4,84.9)}",0.126984126984127,0.96969696969697,3.81818181818182,32
"428","{Chest.circumference=[79.3,95),Hip.circumference=[85,95.4),Thigh.circumference=[47.2,55.6)} => {Abdomen.circumference=[69.4,84.9)}",0.126984126984127,0.96969696969697,3.81818181818182,32
"306","{Weight=[118,158),Adiposity.index=[18.1,22.4),Neck.circumference=[31.1,36.6)} => {Abdomen.circumference=[69.4,84.9)}",0.119047619047619,0.967741935483871,3.81048387096774,30
"752","{Weight=[118,158),Neck.circumference=[31.1,36.6),Chest.circumference=[79.3,95),Thigh.circumference=[47.2,55.6)} => {Abdomen.circumference=[69.4,84.9)}",0.119047619047619,0.967741935483871,3.81048387096774,30
"290","{Adiposity.index=[18.1,22.4),Neck.circumference=[31.1,36.6),Chest.circumference=[79.3,95)} => {Thigh.circumference=[47.2,55.6)}",0.123015873015873,0.861111111111111,3.80701754385965,31
"716","{Weight=[118,158),Neck.circumference=[31.1,36.6),Hip.circumference=[85,95.4),Knee.circumference=[33,36.7)} => {Abdomen.circumference=[69.4,84.9)}",0.115079365079365,0.966666666666667,3.80625,29
"727","{Weight=[118,158),Neck.circumference=[31.1,36.6),Chest.circumference=[79.3,95),Knee.circumference=[33,36.7)} => {Abdomen.circumference=[69.4,84.9)}",0.115079365079365,0.966666666666667,3.80625,29
"452","{Weight=[118,158),Neck.circumference=[31.1,36.6),Abdomen.circumference=[69.4,84.9)} => {Hip.circumference=[85,95.4)}",0.138888888888889,0.921052631578947,3.80500431406385,35
"246","{Adiposity.index=[18.1,22.4),Chest.circumference=[79.3,95),Knee.circumference=[33,36.7)} => {Abdomen.circumference=[69.4,84.9)}",0.111111111111111,0.96551724137931,3.80172413793103,28
"249","{Adiposity.index=[18.1,22.4),Neck.circumference=[31.1,36.6),Knee.circumference=[33,36.7)} => {Abdomen.circumference=[69.4,84.9)}",0.111111111111111,0.96551724137931,3.80172413793103,28
"468","{Percent.body.fat.using.Siri=[0,12.4),Chest.circumference=[79.3,95),Hip.circumference=[85,95.4)} => {Abdomen.circumference=[69.4,84.9)}",0.107142857142857,0.964285714285714,3.796875,27
"701","{Neck.circumference=[31.1,36.6),Hip.circumference=[85,95.4),Thigh.circumference=[47.2,55.6),Knee.circumference=[33,36.7)} => {Abdomen.circumference=[69.4,84.9)}",0.107142857142857,0.964285714285714,3.796875,27
"18","{Adiposity.index=[18.1,22.4),Thigh.circumference=[47.2,55.6)} => {Weight=[118,158)}",0.126984126984127,0.888888888888889,3.79661016949153,32
"368","{Abdomen.circumference=[69.4,84.9),Hip.circumference=[85,95.4),Knee.circumference=[33,36.7)} => {Weight=[118,158)}",0.126984126984127,0.888888888888889,3.79661016949153,32
"74","{Percent.body.fat.using.Siri=[0,12.4),Knee.circumference=[33,36.7)} => {Abdomen.circumference=[69.4,84.9)}",0.103174603174603,0.962962962962963,3.79166666666667,26
"707","{Neck.circumference=[31.1,36.6),Chest.circumference=[79.3,95),Thigh.circumference=[47.2,55.6),Knee.circumference=[33,36.7)} => {Abdomen.circumference=[69.4,84.9)}",0.103174603174603,0.962962962962963,3.79166666666667,26
"286","{Adiposity.index=[18.1,22.4),Neck.circumference=[31.1,36.6),Abdomen.circumference=[69.4,84.9)} => {Thigh.circumference=[47.2,55.6)}",0.119047619047619,0.857142857142857,3.78947368421053,30
"30","{Weight=[118,158),Adiposity.index=[18.1,22.4)} => {Hip.circumference=[85,95.4)}",0.126984126984127,0.914285714285714,3.77704918032787,32
"120","{Neck.circumference=[31.1,36.6),Hip.circumference=[85,95.4)} => {Weight=[118,158)}",0.150793650793651,0.883720930232558,3.77453685455262,38
"338","{Weight=[118,158),Chest.circumference=[79.3,95),Knee.circumference=[33,36.7)} => {Thigh.circumference=[47.2,55.6)}",0.115079365079365,0.852941176470588,3.77089783281734,29
"361","{Neck.circumference=[31.1,36.6),Abdomen.circumference=[69.4,84.9),Knee.circumference=[33,36.7)} => {Thigh.circumference=[47.2,55.6)}",0.115079365079365,0.852941176470588,3.77089783281734,29
"388","{Chest.circumference=[79.3,95),Abdomen.circumference=[69.4,84.9),Knee.circumference=[33,36.7)} => {Hip.circumference=[85,95.4)}",0.123015873015873,0.911764705882353,3.76663452266152,31
"391","{Neck.circumference=[31.1,36.6),Abdomen.circumference=[69.4,84.9),Knee.circumference=[33,36.7)} => {Hip.circumference=[85,95.4)}",0.123015873015873,0.911764705882353,3.76663452266152,31
"1","{Weight=[214,363]} => {Extended.biceps.circumference=[34.7,45]}",0.103174603174603,0.866666666666667,3.76551724137931,26
"659","{Adiposity.index=[18.1,22.4),Neck.circumference=[31.1,36.6),Chest.circumference=[79.3,95),Abdomen.circumference=[69.4,84.9)} => {Weight=[118,158)}",0.115079365079365,0.878787878787879,3.75346687211094,29
"14","{Adiposity.index=[18.1,22.4),Hip.circumference=[85,95.4)} => {Knee.circumference=[33,36.7)}",0.111111111111111,0.848484848484849,3.7511961722488,28
"353","{Neck.circumference=[31.1,36.6),Hip.circumference=[85,95.4),Knee.circumference=[33,36.7)} => {Thigh.circumference=[47.2,55.6)}",0.111111111111111,0.848484848484849,3.7511961722488,28
"407","{Weight=[118,158),Chest.circumference=[79.3,95),Hip.circumference=[85,95.4)} => {Thigh.circumference=[47.2,55.6)}",0.130952380952381,0.846153846153846,3.74089068825911,33
"464","{Neck.circumference=[31.1,36.6),Chest.circumference=[79.3,95),Abdomen.circumference=[69.4,84.9)} => {Weight=[118,158)}",0.138888888888889,0.875,3.73728813559322,35
"13","{Adiposity.index=[18.1,22.4),Knee.circumference=[33,36.7)} => {Hip.circumference=[85,95.4)}",0.111111111111111,0.903225806451613,3.73135906927552,28
"110","{Percent.body.fat.using.Siri=[0,12.4),Weight=[118,158)} => {Hip.circumference=[85,95.4)}",0.111111111111111,0.903225806451613,3.73135906927552,28
"352","{Neck.circumference=[31.1,36.6),Thigh.circumference=[47.2,55.6),Knee.circumference=[33,36.7)} => {Hip.circumference=[85,95.4)}",0.111111111111111,0.903225806451613,3.73135906927552,28
"211","{Weight=[118,158),Adiposity.index=[18.1,22.4),Thigh.circumference=[47.2,55.6)} => {Knee.circumference=[33,36.7)}",0.107142857142857,0.84375,3.73026315789474,27
"835","{Weight=[118,158),Neck.circumference=[31.1,36.6),Chest.circumference=[79.3,95),Abdomen.circumference=[69.4,84.9),Hip.circumference=[85,95.4)} => {Knee.circumference=[33,36.7)}",0.107142857142857,0.84375,3.73026315789474,27
"463","{Weight=[118,158),Neck.circumference=[31.1,36.6),Chest.circumference=[79.3,95)} => {Abdomen.circumference=[69.4,84.9)}",0.138888888888889,0.945945945945946,3.72466216216216,35
"66","{Chest.circumference=[79.3,95),Knee.circumference=[33,36.7)} => {Weight=[118,158)}",0.134920634920635,0.871794871794872,3.72359843546284,34
"29","{Adiposity.index=[18.1,22.4),Neck.circumference=[31.1,36.6)} => {Thigh.circumference=[47.2,55.6)}",0.126984126984127,0.842105263157895,3.72299168975069,32
"330","{Weight=[118,158),Hip.circumference=[85,95.4),Knee.circumference=[33,36.7)} => {Thigh.circumference=[47.2,55.6)}",0.126984126984127,0.842105263157895,3.72299168975069,32
"71","{Abdomen.circumference=[69.4,84.9),Knee.circumference=[33,36.7)} => {Hip.circumference=[85,95.4)}",0.142857142857143,0.9,3.71803278688525,36
"348","{Chest.circumference=[79.3,95),Thigh.circumference=[47.2,55.6),Knee.circumference=[33,36.7)} => {Hip.circumference=[85,95.4)}",0.107142857142857,0.9,3.71803278688525,27
"116","{Abdomen.circumference=[69.4,84.9),Hip.circumference=[85,95.4)} => {Weight=[118,158)}",0.158730158730159,0.869565217391304,3.71407516580693,40
"32","{Weight=[118,158),Adiposity.index=[18.1,22.4)} => {Abdomen.circumference=[69.4,84.9)}",0.130952380952381,0.942857142857143,3.7125,33
"416","{Weight=[118,158),Chest.circumference=[79.3,95),Thigh.circumference=[47.2,55.6)} => {Abdomen.circumference=[69.4,84.9)}",0.130952380952381,0.942857142857143,3.7125,33
"432","{Neck.circumference=[31.1,36.6),Hip.circumference=[85,95.4),Thigh.circumference=[47.2,55.6)} => {Abdomen.circumference=[69.4,84.9)}",0.130952380952381,0.942857142857143,3.7125,33
"102","{Percent.body.fat.using.Siri=[0,12.4),Neck.circumference=[31.1,36.6)} => {Thigh.circumference=[47.2,55.6)}",0.103174603174603,0.838709677419355,3.70797962648557,26
"414","{Weight=[118,158),Hip.circumference=[85,95.4),Ankle.circumference=[21.4,22.8)} => {Thigh.circumference=[47.2,55.6)}",0.103174603174603,0.838709677419355,3.70797962648557,26
"694","{Weight=[118,158),Neck.circumference=[31.1,36.6),Chest.circumference=[79.3,95),Thigh.circumference=[47.2,55.6)} => {Knee.circumference=[33,36.7)}",0.103174603174603,0.838709677419355,3.70797962648557,26
"698","{Chest.circumference=[79.3,95),Abdomen.circumference=[69.4,84.9),Hip.circumference=[85,95.4),Knee.circumference=[33,36.7)} => {Thigh.circumference=[47.2,55.6)}",0.103174603174603,0.838709677419355,3.70797962648557,26
"426","{Weight=[118,158),Neck.circumference=[31.1,36.6),Chest.circumference=[79.3,95)} => {Thigh.circumference=[47.2,55.6)}",0.123015873015873,0.837837837837838,3.70412517780939,31
"92","{Percent.body.fat.using.Siri=[0,12.4),Thigh.circumference=[47.2,55.6)} => {Hip.circumference=[85,95.4)}",0.103174603174603,0.896551724137931,3.70378745053703,26
"301","{Weight=[118,158),Adiposity.index=[18.1,22.4),Abdomen.circumference=[69.4,84.9)} => {Chest.circumference=[79.3,95)}",0.126984126984127,0.96969696969697,3.70247933884298,32
"137","{Percent.body.fat.using.Siri=[0,12.4),Hip.circumference=[85,95.4)} => {Abdomen.circumference=[69.4,84.9)}",0.123015873015873,0.939393939393939,3.69886363636364,31
"281","{Adiposity.index=[18.1,22.4),Chest.circumference=[79.3,95),Thigh.circumference=[47.2,55.6)} => {Abdomen.circumference=[69.4,84.9)}",0.123015873015873,0.939393939393939,3.69886363636364,31
"379","{Weight=[118,158),Neck.circumference=[31.1,36.6),Knee.circumference=[33,36.7)} => {Abdomen.circumference=[69.4,84.9)}",0.123015873015873,0.939393939393939,3.69886363636364,31
"387","{Chest.circumference=[79.3,95),Hip.circumference=[85,95.4),Knee.circumference=[33,36.7)} => {Abdomen.circumference=[69.4,84.9)}",0.123015873015873,0.939393939393939,3.69886363636364,31
"390","{Neck.circumference=[31.1,36.6),Hip.circumference=[85,95.4),Knee.circumference=[33,36.7)} => {Abdomen.circumference=[69.4,84.9)}",0.123015873015873,0.939393939393939,3.69886363636364,31
"399","{Neck.circumference=[31.1,36.6),Chest.circumference=[79.3,95),Knee.circumference=[33,36.7)} => {Abdomen.circumference=[69.4,84.9)}",0.123015873015873,0.939393939393939,3.69886363636364,31
"280","{Adiposity.index=[18.1,22.4),Abdomen.circumference=[69.4,84.9),Thigh.circumference=[47.2,55.6)} => {Chest.circumference=[79.3,95)}",0.123015873015873,0.96875,3.69886363636364,31
"289","{Adiposity.index=[18.1,22.4),Neck.circumference=[31.1,36.6),Thigh.circumference=[47.2,55.6)} => {Chest.circumference=[79.3,95)}",0.123015873015873,0.96875,3.69886363636364,31
"312","{Adiposity.index=[18.1,22.4),Abdomen.circumference=[69.4,84.9),Hip.circumference=[85,95.4)} => {Chest.circumference=[79.3,95)}",0.123015873015873,0.96875,3.69886363636364,31
"56","{Thigh.circumference=[47.2,55.6),Knee.circumference=[33,36.7)} => {Hip.circumference=[85,95.4)}",0.134920634920635,0.894736842105263,3.6962899050906,34
"309","{Weight=[118,158),Adiposity.index=[18.1,22.4),Neck.circumference=[31.1,36.6)} => {Chest.circumference=[79.3,95)}",0.119047619047619,0.967741935483871,3.6950146627566,30
"285","{Adiposity.index=[18.1,22.4),Neck.circumference=[31.1,36.6),Thigh.circumference=[47.2,55.6)} => {Abdomen.circumference=[69.4,84.9)}",0.119047619047619,0.9375,3.69140625,30
"319","{Adiposity.index=[18.1,22.4),Neck.circumference=[31.1,36.6),Hip.circumference=[85,95.4)} => {Chest.circumference=[79.3,95)}",0.115079365079365,0.966666666666667,3.69090909090909,29
"245","{Adiposity.index=[18.1,22.4),Abdomen.circumference=[69.4,84.9),Knee.circumference=[33,36.7)} => {Chest.circumference=[79.3,95)}",0.111111111111111,0.96551724137931,3.68652037617555,28
"253","{Adiposity.index=[18.1,22.4),Neck.circumference=[31.1,36.6),Knee.circumference=[33,36.7)} => {Chest.circumference=[79.3,95)}",0.111111111111111,0.96551724137931,3.68652037617555,28
"459","{Weight=[118,158),Neck.circumference=[31.1,36.6),Chest.circumference=[79.3,95)} => {Hip.circumference=[85,95.4)}",0.130952380952381,0.891891891891892,3.68453699601241,33
"346","{Abdomen.circumference=[69.4,84.9),Hip.circumference=[85,95.4),Knee.circumference=[33,36.7)} => {Thigh.circumference=[47.2,55.6)}",0.119047619047619,0.833333333333333,3.68421052631579,30
"15","{Adiposity.index=[18.1,22.4),Knee.circumference=[33,36.7)} => {Abdomen.circumference=[69.4,84.9)}",0.115079365079365,0.935483870967742,3.68346774193548,29
"360","{Neck.circumference=[31.1,36.6),Thigh.circumference=[47.2,55.6),Knee.circumference=[33,36.7)} => {Abdomen.circumference=[69.4,84.9)}",0.115079365079365,0.935483870967742,3.68346774193548,29
"122","{Hip.circumference=[85,95.4),Ankle.circumference=[21.4,22.8)} => {Weight=[118,158)}",0.123015873015873,0.861111111111111,3.67796610169492,31
"326","{Adiposity.index=[18.1,22.4),Abdomen.circumference=[69.4,84.9),Ankle.circumference=[21.4,22.8)} => {Chest.circumference=[79.3,95)}",0.103174603174603,0.962962962962963,3.67676767676768,26
"356","{Chest.circumference=[79.3,95),Thigh.circumference=[47.2,55.6),Knee.circumference=[33,36.7)} => {Abdomen.circumference=[69.4,84.9)}",0.111111111111111,0.933333333333333,3.675,28
"115","{Weight=[118,158),Abdomen.circumference=[69.4,84.9)} => {Hip.circumference=[85,95.4)}",0.158730158730159,0.888888888888889,3.67213114754098,40
"55","{Weight=[118,158),Knee.circumference=[33,36.7)} => {Thigh.circumference=[47.2,55.6)}",0.134920634920635,0.829268292682927,3.66623876765083,34
"100","{Percent.body.fat.using.Siri=[0,12.4),Thigh.circumference=[47.2,55.6)} => {Abdomen.circumference=[69.4,84.9)}",0.107142857142857,0.931034482758621,3.66594827586207,27
"12","{Weight=[118,158),Adiposity.index=[18.1,22.4)} => {Knee.circumference=[33,36.7)}",0.115079365079365,0.828571428571429,3.66315789473684,29
"339","{Weight=[118,158),Chest.circumference=[79.3,95),Thigh.circumference=[47.2,55.6)} => {Knee.circumference=[33,36.7)}",0.115079365079365,0.828571428571429,3.66315789473684,29
"438","{Neck.circumference=[31.1,36.6),Chest.circumference=[79.3,95),Hip.circumference=[85,95.4)} => {Thigh.circumference=[47.2,55.6)}",0.115079365079365,0.828571428571429,3.66315789473684,29
"714","{Weight=[118,158),Chest.circumference=[79.3,95),Abdomen.circumference=[69.4,84.9),Hip.circumference=[85,95.4)} => {Knee.circumference=[33,36.7)}",0.115079365079365,0.828571428571429,3.66315789473684,29
"719","{Weight=[118,158),Neck.circumference=[31.1,36.6),Abdomen.circumference=[69.4,84.9),Hip.circumference=[85,95.4)} => {Knee.circumference=[33,36.7)}",0.115079365079365,0.828571428571429,3.66315789473684,29
"729","{Weight=[118,158),Neck.circumference=[31.1,36.6),Chest.circumference=[79.3,95),Abdomen.circumference=[69.4,84.9)} => {Knee.circumference=[33,36.7)}",0.115079365079365,0.828571428571429,3.66315789473684,29
"90","{Neck.circumference=[31.1,36.6),Thigh.circumference=[47.2,55.6)} => {Weight=[118,158)}",0.142857142857143,0.857142857142857,3.66101694915254,36
"307","{Adiposity.index=[18.1,22.4),Neck.circumference=[31.1,36.6),Abdomen.circumference=[69.4,84.9)} => {Weight=[118,158)}",0.119047619047619,0.857142857142857,3.66101694915254,30
"42","{Percent.body.fat.using.Siri=[0,12.4),Adiposity.index=[18.1,22.4)} => {Abdomen.circumference=[69.4,84.9)}",0.103174603174603,0.928571428571429,3.65625,26
"45","{Adiposity.index=[18.1,22.4),Chest.circumference=[79.3,95)} => {Abdomen.circumference=[69.4,84.9)}",0.150793650793651,0.926829268292683,3.64939024390244,38
"418","{Weight=[118,158),Chest.circumference=[79.3,95),Abdomen.circumference=[69.4,84.9)} => {Thigh.circumference=[47.2,55.6)}",0.130952380952381,0.825,3.64736842105263,33
"357","{Chest.circumference=[79.3,95),Abdomen.circumference=[69.4,84.9),Knee.circumference=[33,36.7)} => {Thigh.circumference=[47.2,55.6)}",0.111111111111111,0.823529411764706,3.64086687306502,28
"734","{Neck.circumference=[31.1,36.6),Chest.circumference=[79.3,95),Abdomen.circumference=[69.4,84.9),Hip.circumference=[85,95.4)} => {Knee.circumference=[33,36.7)}",0.111111111111111,0.823529411764706,3.64086687306502,28
"86","{Weight=[118,158),Abdomen.circumference=[69.4,84.9)} => {Thigh.circumference=[47.2,55.6)}",0.146825396825397,0.822222222222222,3.63508771929825,37
"64","{Abdomen.circumference=[69.4,84.9),Knee.circumference=[33,36.7)} => {Weight=[118,158)}",0.134920634920635,0.85,3.63050847457627,34
"664","{Adiposity.index=[18.1,22.4),Neck.circumference=[31.1,36.6),Chest.circumference=[79.3,95),Abdomen.circumference=[69.4,84.9)} => {Hip.circumference=[85,95.4)}",0.115079365079365,0.878787878787879,3.63040238450075,29
"430","{Chest.circumference=[79.3,95),Abdomen.circumference=[69.4,84.9),Hip.circumference=[85,95.4)} => {Thigh.circumference=[47.2,55.6)}",0.126984126984127,0.82051282051282,3.62753036437247,32
"44","{Adiposity.index=[18.1,22.4),Abdomen.circumference=[69.4,84.9)} => {Chest.circumference=[79.3,95)}",0.150793650793651,0.95,3.62727272727273,38
"47","{Adiposity.index=[18.1,22.4),Neck.circumference=[31.1,36.6)} => {Abdomen.circumference=[69.4,84.9)}",0.138888888888889,0.921052631578947,3.62664473684211,35
"451","{Weight=[118,158),Neck.circumference=[31.1,36.6),Hip.circumference=[85,95.4)} => {Abdomen.circumference=[69.4,84.9)}",0.138888888888889,0.921052631578947,3.62664473684211,35
"111","{Percent.body.fat.using.Siri=[0,12.4),Hip.circumference=[85,95.4)} => {Weight=[118,158)}",0.111111111111111,0.848484848484849,3.62403697996918,28
"113","{Height=[48.3,68.4),Hip.circumference=[85,95.4)} => {Weight=[118,158)}",0.111111111111111,0.848484848484849,3.62403697996918,28
"91","{Weight=[118,158),Neck.circumference=[31.1,36.6)} => {Thigh.circumference=[47.2,55.6)}",0.142857142857143,0.818181818181818,3.61722488038278,36
"349","{Chest.circumference=[79.3,95),Hip.circumference=[85,95.4),Knee.circumference=[33,36.7)} => {Thigh.circumference=[47.2,55.6)}",0.107142857142857,0.818181818181818,3.61722488038278,27
"350","{Chest.circumference=[79.3,95),Hip.circumference=[85,95.4),Thigh.circumference=[47.2,55.6)} => {Knee.circumference=[33,36.7)}",0.107142857142857,0.818181818181818,3.61722488038278,27
"365","{Neck.circumference=[31.1,36.6),Chest.circumference=[79.3,95),Knee.circumference=[33,36.7)} => {Thigh.circumference=[47.2,55.6)}",0.107142857142857,0.818181818181818,3.61722488038278,27
"590","{Adiposity.index=[18.1,22.4),Neck.circumference=[31.1,36.6),Chest.circumference=[79.3,95),Abdomen.circumference=[69.4,84.9)} => {Knee.circumference=[33,36.7)}",0.107142857142857,0.818181818181818,3.61722488038278,27
"689","{Weight=[118,158),Neck.circumference=[31.1,36.6),Abdomen.circumference=[69.4,84.9),Thigh.circumference=[47.2,55.6)} => {Knee.circumference=[33,36.7)}",0.107142857142857,0.818181818181818,3.61722488038278,27
"704","{Neck.circumference=[31.1,36.6),Abdomen.circumference=[69.4,84.9),Hip.circumference=[85,95.4),Thigh.circumference=[47.2,55.6)} => {Knee.circumference=[33,36.7)}",0.107142857142857,0.818181818181818,3.61722488038278,27
"724","{Weight=[118,158),Neck.circumference=[31.1,36.6),Chest.circumference=[79.3,95),Hip.circumference=[85,95.4)} => {Knee.circumference=[33,36.7)}",0.107142857142857,0.818181818181818,3.61722488038278,27
"50","{Adiposity.index=[18.1,22.4),Neck.circumference=[31.1,36.6)} => {Chest.circumference=[79.3,95)}",0.142857142857143,0.947368421052632,3.61722488038277,36
"112","{Weight=[118,158),Height=[48.3,68.4)} => {Hip.circumference=[85,95.4)}",0.111111111111111,0.875,3.61475409836066,28
"68","{Neck.circumference=[31.1,36.6),Knee.circumference=[33,36.7)} => {Weight=[118,158)}",0.130952380952381,0.846153846153846,3.61408083441982,33
"420","{Weight=[118,158),Neck.circumference=[31.1,36.6),Thigh.circumference=[47.2,55.6)} => {Abdomen.circumference=[69.4,84.9)}",0.130952380952381,0.916666666666667,3.609375,33
"83","{Weight=[118,158),Hip.circumference=[85,95.4)} => {Thigh.circumference=[47.2,55.6)}",0.158730158730159,0.816326530612245,3.60902255639098,40
"62","{Hip.circumference=[85,95.4),Knee.circumference=[33,36.7)} => {Weight=[118,158)}",0.150793650793651,0.844444444444444,3.60677966101695,38
"129","{Neck.circumference=[31.1,36.6),Abdomen.circumference=[69.4,84.9)} => {Weight=[118,158)}",0.150793650793651,0.844444444444444,3.60677966101695,38
"282","{Adiposity.index=[18.1,22.4),Chest.circumference=[79.3,95),Abdomen.circumference=[69.4,84.9)} => {Thigh.circumference=[47.2,55.6)}",0.123015873015873,0.815789473684211,3.60664819944598,31
"381","{Weight=[118,158),Neck.circumference=[31.1,36.6),Abdomen.circumference=[69.4,84.9)} => {Knee.circumference=[33,36.7)}",0.123015873015873,0.815789473684211,3.60664819944598,31
"392","{Neck.circumference=[31.1,36.6),Abdomen.circumference=[69.4,84.9),Hip.circumference=[85,95.4)} => {Knee.circumference=[33,36.7)}",0.123015873015873,0.815789473684211,3.60664819944598,31
"34","{Weight=[118,158),Adiposity.index=[18.1,22.4)} => {Chest.circumference=[79.3,95)}",0.130952380952381,0.942857142857143,3.6,33
"441","{Neck.circumference=[31.1,36.6),Chest.circumference=[79.3,95),Thigh.circumference=[47.2,55.6)} => {Abdomen.circumference=[69.4,84.9)}",0.126984126984127,0.914285714285714,3.6,32
"99","{Neck.circumference=[31.1,36.6),Hip.circumference=[85,95.4)} => {Thigh.circumference=[47.2,55.6)}",0.138888888888889,0.813953488372093,3.59853121175031,35
"140","{Percent.body.fat.using.Siri=[0,12.4),Neck.circumference=[31.1,36.6)} => {Hip.circumference=[85,95.4)}",0.107142857142857,0.870967741935484,3.59809624537282,27
"303","{Adiposity.index=[18.1,22.4),Chest.circumference=[79.3,95),Abdomen.circumference=[69.4,84.9)} => {Weight=[118,158)}",0.126984126984127,0.842105263157895,3.59678858162355,32
"214","{Adiposity.index=[18.1,22.4),Abdomen.circumference=[69.4,84.9),Thigh.circumference=[47.2,55.6)} => {Knee.circumference=[33,36.7)}",0.103174603174603,0.8125,3.59210526315789,26
"221","{Adiposity.index=[18.1,22.4),Neck.circumference=[31.1,36.6),Thigh.circumference=[47.2,55.6)} => {Knee.circumference=[33,36.7)}",0.103174603174603,0.8125,3.59210526315789,26
"709","{Neck.circumference=[31.1,36.6),Chest.circumference=[79.3,95),Abdomen.circumference=[69.4,84.9),Thigh.circumference=[47.2,55.6)} => {Knee.circumference=[33,36.7)}",0.103174603174603,0.8125,3.59210526315789,26
"376","{Weight=[118,158),Chest.circumference=[79.3,95),Knee.circumference=[33,36.7)} => {Abdomen.circumference=[69.4,84.9)}",0.123015873015873,0.911764705882353,3.59007352941176,31
"40","{Adiposity.index=[18.1,22.4),Hip.circumference=[85,95.4)} => {Chest.circumference=[79.3,95)}",0.123015873015873,0.939393939393939,3.58677685950413,31
"335","{Weight=[118,158),Abdomen.circumference=[69.4,84.9),Thigh.circumference=[47.2,55.6)} => {Knee.circumference=[33,36.7)}",0.119047619047619,0.810810810810811,3.58463726884779,30
"347","{Abdomen.circumference=[69.4,84.9),Hip.circumference=[85,95.4),Thigh.circumference=[47.2,55.6)} => {Knee.circumference=[33,36.7)}",0.119047619047619,0.810810810810811,3.58463726884779,30
"385","{Weight=[118,158),Neck.circumference=[31.1,36.6),Chest.circumference=[79.3,95)} => {Knee.circumference=[33,36.7)}",0.119047619047619,0.810810810810811,3.58463726884779,30
"117","{Weight=[118,158),Chest.circumference=[79.3,95)} => {Hip.circumference=[85,95.4)}",0.154761904761905,0.866666666666667,3.58032786885246,39
"16","{Adiposity.index=[18.1,22.4),Knee.circumference=[33,36.7)} => {Chest.circumference=[79.3,95)}",0.115079365079365,0.935483870967742,3.57184750733138,29
"726","{Weight=[118,158),Neck.circumference=[31.1,36.6),Abdomen.circumference=[69.4,84.9),Knee.circumference=[33,36.7)} => {Chest.circumference=[79.3,95)}",0.115079365079365,0.935483870967742,3.57184750733138,29
"142","{Chest.circumference=[79.3,95),Hip.circumference=[85,95.4)} => {Abdomen.circumference=[69.4,84.9)}",0.154761904761905,0.906976744186046,3.57122093023256,39
"666","{Weight=[118,158),Hip.circumference=[85,95.4),Thigh.circumference=[47.2,55.6),Knee.circumference=[33,36.7)} => {Abdomen.circumference=[69.4,84.9)}",0.115079365079365,0.90625,3.568359375,29
"119","{Weight=[118,158),Neck.circumference=[31.1,36.6)} => {Hip.circumference=[85,95.4)}",0.150793650793651,0.863636363636364,3.56780923994039,38
"343","{Weight=[118,158),Neck.circumference=[31.1,36.6),Thigh.circumference=[47.2,55.6)} => {Knee.circumference=[33,36.7)}",0.115079365079365,0.805555555555556,3.56140350877193,29
"362","{Neck.circumference=[31.1,36.6),Abdomen.circumference=[69.4,84.9),Thigh.circumference=[47.2,55.6)} => {Knee.circumference=[33,36.7)}",0.115079365079365,0.805555555555556,3.56140350877193,29
"310","{Adiposity.index=[18.1,22.4),Neck.circumference=[31.1,36.6),Chest.circumference=[79.3,95)} => {Weight=[118,158)}",0.119047619047619,0.833333333333333,3.5593220338983,30
"26","{Adiposity.index=[18.1,22.4),Chest.circumference=[79.3,95)} => {Thigh.circumference=[47.2,55.6)}",0.130952380952381,0.804878048780488,3.5584082156611,33
"123","{Percent.body.fat.using.Siri=[0,12.4),Weight=[118,158)} => {Abdomen.circumference=[69.4,84.9)}",0.111111111111111,0.903225806451613,3.55645161290323,28
"95","{Abdomen.circumference=[69.4,84.9),Hip.circumference=[85,95.4)} => {Thigh.circumference=[47.2,55.6)}",0.146825396825397,0.804347826086957,3.55606407322654,37
"43","{Percent.body.fat.using.Siri=[0,12.4),Adiposity.index=[18.1,22.4)} => {Chest.circumference=[79.3,95)}",0.103174603174603,0.928571428571429,3.54545454545455,26
"400","{Weight=[118,158),Hip.circumference=[85,95.4),Thigh.circumference=[47.2,55.6)} => {Abdomen.circumference=[69.4,84.9)}",0.142857142857143,0.9,3.54375,36
"317","{Adiposity.index=[18.1,22.4),Neck.circumference=[31.1,36.6),Abdomen.circumference=[69.4,84.9)} => {Hip.circumference=[85,95.4)}",0.119047619047619,0.857142857142857,3.54098360655738,30
"23","{Adiposity.index=[18.1,22.4),Abdomen.circumference=[69.4,84.9)} => {Thigh.circumference=[47.2,55.6)}",0.126984126984127,0.8,3.53684210526316,32
"58","{Abdomen.circumference=[69.4,84.9),Knee.circumference=[33,36.7)} => {Thigh.circumference=[47.2,55.6)}",0.126984126984127,0.8,3.53684210526316,32
"59","{Abdomen.circumference=[69.4,84.9),Thigh.circumference=[47.2,55.6)} => {Knee.circumference=[33,36.7)}",0.126984126984127,0.8,3.53684210526316,32
"107","{Neck.circumference=[31.1,36.6),Abdomen.circumference=[69.4,84.9)} => {Thigh.circumference=[47.2,55.6)}",0.142857142857143,0.8,3.53684210526316,36
"250","{Adiposity.index=[18.1,22.4),Neck.circumference=[31.1,36.6),Abdomen.circumference=[69.4,84.9)} => {Knee.circumference=[33,36.7)}",0.111111111111111,0.8,3.53684210526316,28
"331","{Weight=[118,158),Hip.circumference=[85,95.4),Thigh.circumference=[47.2,55.6)} => {Knee.circumference=[33,36.7)}",0.126984126984127,0.8,3.53684210526316,32
"354","{Neck.circumference=[31.1,36.6),Hip.circumference=[85,95.4),Thigh.circumference=[47.2,55.6)} => {Knee.circumference=[33,36.7)}",0.111111111111111,0.8,3.53684210526316,28
"369","{Weight=[118,158),Abdomen.circumference=[69.4,84.9),Hip.circumference=[85,95.4)} => {Knee.circumference=[33,36.7)}",0.126984126984127,0.8,3.53684210526316,32
"396","{Neck.circumference=[31.1,36.6),Chest.circumference=[79.3,95),Hip.circumference=[85,95.4)} => {Knee.circumference=[33,36.7)}",0.111111111111111,0.8,3.53684210526316,28
"104","{Chest.circumference=[79.3,95),Thigh.circumference=[47.2,55.6)} => {Abdomen.circumference=[69.4,84.9)}",0.138888888888889,0.897435897435897,3.53365384615385,35
"150","{Percent.body.fat.using.Siri=[0,12.4),Chest.circumference=[79.3,95)} => {Abdomen.circumference=[69.4,84.9)}",0.138888888888889,0.897435897435897,3.53365384615385,35
"33","{Adiposity.index=[18.1,22.4),Abdomen.circumference=[69.4,84.9)} => {Weight=[118,158)}",0.130952380952381,0.825,3.52372881355932,33
"462","{Weight=[118,158),Neck.circumference=[31.1,36.6),Abdomen.circumference=[69.4,84.9)} => {Chest.circumference=[79.3,95)}",0.138888888888889,0.921052631578947,3.51674641148325,35
"472","{Neck.circumference=[31.1,36.6),Chest.circumference=[79.3,95),Abdomen.circumference=[69.4,84.9)} => {Hip.circumference=[85,95.4)}",0.134920634920635,0.85,3.51147540983607,34
"274","{Adiposity.index=[18.1,22.4),Chest.circumference=[79.3,95),Thigh.circumference=[47.2,55.6)} => {Hip.circumference=[85,95.4)}",0.111111111111111,0.848484848484849,3.50521609538003,28
"395","{Neck.circumference=[31.1,36.6),Chest.circumference=[79.3,95),Knee.circumference=[33,36.7)} => {Hip.circumference=[85,95.4)}",0.111111111111111,0.848484848484849,3.50521609538003,28
"22","{Adiposity.index=[18.1,22.4),Thigh.circumference=[47.2,55.6)} => {Abdomen.circumference=[69.4,84.9)}",0.126984126984127,0.888888888888889,3.5,32
"25","{Adiposity.index=[18.1,22.4),Thigh.circumference=[47.2,55.6)} => {Chest.circumference=[79.3,95)}",0.130952380952381,0.916666666666667,3.5,33
"126","{Weight=[118,158),Chest.circumference=[79.3,95)} => {Abdomen.circumference=[69.4,84.9)}",0.158730158730159,0.888888888888889,3.5,40
"72","{Chest.circumference=[79.3,95),Knee.circumference=[33,36.7)} => {Hip.circumference=[85,95.4)}",0.130952380952381,0.846153846153846,3.49558638083228,33
"73","{Neck.circumference=[31.1,36.6),Knee.circumference=[33,36.7)} => {Hip.circumference=[85,95.4)}",0.130952380952381,0.846153846153846,3.49558638083228,33
"96","{Chest.circumference=[79.3,95),Thigh.circumference=[47.2,55.6)} => {Hip.circumference=[85,95.4)}",0.130952380952381,0.846153846153846,3.49558638083228,33
"145","{Neck.circumference=[31.1,36.6),Abdomen.circumference=[69.4,84.9)} => {Hip.circumference=[85,95.4)}",0.150793650793651,0.844444444444444,3.48852459016393,38
"278","{Adiposity.index=[18.1,22.4),Neck.circumference=[31.1,36.6),Thigh.circumference=[47.2,55.6)} => {Hip.circumference=[85,95.4)}",0.107142857142857,0.84375,3.48565573770492,27
"37","{Adiposity.index=[18.1,22.4),Neck.circumference=[31.1,36.6)} => {Weight=[118,158)}",0.123015873015873,0.815789473684211,3.48438893844781,31
"375","{Weight=[118,158),Abdomen.circumference=[69.4,84.9),Knee.circumference=[33,36.7)} => {Chest.circumference=[79.3,95)}",0.123015873015873,0.911764705882353,3.48128342245989,31
"398","{Neck.circumference=[31.1,36.6),Abdomen.circumference=[69.4,84.9),Knee.circumference=[33,36.7)} => {Chest.circumference=[79.3,95)}",0.123015873015873,0.911764705882353,3.48128342245989,31
"144","{Neck.circumference=[31.1,36.6),Hip.circumference=[85,95.4)} => {Abdomen.circumference=[69.4,84.9)}",0.150793650793651,0.883720930232558,3.4796511627907,38
"332","{Weight=[118,158),Thigh.circumference=[47.2,55.6),Knee.circumference=[33,36.7)} => {Abdomen.circumference=[69.4,84.9)}",0.119047619047619,0.882352941176471,3.47426470588235,30
"344","{Hip.circumference=[85,95.4),Thigh.circumference=[47.2,55.6),Knee.circumference=[33,36.7)} => {Abdomen.circumference=[69.4,84.9)}",0.119047619047619,0.882352941176471,3.47426470588235,30
"383","{Weight=[118,158),Neck.circumference=[31.1,36.6),Knee.circumference=[33,36.7)} => {Chest.circumference=[79.3,95)}",0.119047619047619,0.909090909090909,3.47107438016529,30
"69","{Height=[48.3,68.4),Knee.circumference=[33,36.7)} => {Hip.circumference=[85,95.4)}",0.103174603174603,0.838709677419355,3.46483342147012,26
"121","{Weight=[118,158),Ankle.circumference=[21.4,22.8)} => {Hip.circumference=[85,95.4)}",0.123015873015873,0.837837837837838,3.46123172352681,31
"51","{Adiposity.index=[18.1,22.4),Ankle.circumference=[21.4,22.8)} => {Chest.circumference=[79.3,95)}",0.115079365079365,0.90625,3.46022727272727,29
"152","{Percent.body.fat.using.Siri=[0,12.4),Ankle.circumference=[21.4,22.8)} => {Abdomen.circumference=[69.4,84.9)}",0.115079365079365,0.878787878787879,3.46022727272727,29
"20","{Adiposity.index=[18.1,22.4),Thigh.circumference=[47.2,55.6)} => {Hip.circumference=[85,95.4)}",0.119047619047619,0.833333333333333,3.44262295081967,30
"98","{Neck.circumference=[31.1,36.6),Thigh.circumference=[47.2,55.6)} => {Hip.circumference=[85,95.4)}",0.138888888888889,0.833333333333333,3.44262295081967,35
"35","{Adiposity.index=[18.1,22.4),Chest.circumference=[79.3,95)} => {Weight=[118,158)}",0.130952380952381,0.804878048780488,3.43778420835056,33
"76","{Chest.circumference=[79.3,95),Knee.circumference=[33,36.7)} => {Abdomen.circumference=[69.4,84.9)}",0.134920634920635,0.871794871794872,3.43269230769231,34
"78","{Neck.circumference=[31.1,36.6),Knee.circumference=[33,36.7)} => {Abdomen.circumference=[69.4,84.9)}",0.134920634920635,0.871794871794872,3.43269230769231,34
"7","{Weight=[118,158)} => {Hip.circumference=[85,95.4)}",0.194444444444444,0.830508474576271,3.43095304251181,49
"8","{Hip.circumference=[85,95.4)} => {Weight=[118,158)}",0.194444444444444,0.80327868852459,3.43095304251181,49
"151","{Percent.body.fat.using.Siri=[0,12.4),Neck.circumference=[31.1,36.6)} => {Abdomen.circumference=[69.4,84.9)}",0.107142857142857,0.870967741935484,3.42943548387097,27
"4","{Adiposity.index=[18.1,22.4)} => {Abdomen.circumference=[69.4,84.9)}",0.158730158730159,0.869565217391304,3.42391304347826,40
"470","{Neck.circumference=[31.1,36.6),Abdomen.circumference=[69.4,84.9),Hip.circumference=[85,95.4)} => {Chest.circumference=[79.3,95)}",0.134920634920635,0.894736842105263,3.41626794258373,34
"415","{Weight=[118,158),Abdomen.circumference=[69.4,84.9),Thigh.circumference=[47.2,55.6)} => {Chest.circumference=[79.3,95)}",0.130952380952381,0.891891891891892,3.40540540540541,33
"5","{Adiposity.index=[18.1,22.4)} => {Chest.circumference=[79.3,95)}",0.162698412698413,0.891304347826087,3.40316205533597,41
"128","{Weight=[118,158),Neck.circumference=[31.1,36.6)} => {Abdomen.circumference=[69.4,84.9)}",0.150793650793651,0.863636363636364,3.40056818181818,38
"125","{Weight=[118,158),Abdomen.circumference=[69.4,84.9)} => {Chest.circumference=[79.3,95)}",0.158730158730159,0.888888888888889,3.39393939393939,40
"154","{Neck.circumference=[31.1,36.6),Abdomen.circumference=[69.4,84.9)} => {Chest.circumference=[79.3,95)}",0.158730158730159,0.888888888888889,3.39393939393939,40
"84","{Weight=[118,158),Thigh.circumference=[47.2,55.6)} => {Abdomen.circumference=[69.4,84.9)}",0.146825396825397,0.86046511627907,3.38808139534884,37
"93","{Hip.circumference=[85,95.4),Thigh.circumference=[47.2,55.6)} => {Abdomen.circumference=[69.4,84.9)}",0.146825396825397,0.86046511627907,3.38808139534884,37
"106","{Neck.circumference=[31.1,36.6),Thigh.circumference=[47.2,55.6)} => {Abdomen.circumference=[69.4,84.9)}",0.142857142857143,0.857142857142857,3.375,36
"314","{Adiposity.index=[18.1,22.4),Chest.circumference=[79.3,95),Abdomen.circumference=[69.4,84.9)} => {Hip.circumference=[85,95.4)}",0.123015873015873,0.815789473684211,3.37014667817084,31
"103","{Abdomen.circumference=[69.4,84.9),Thigh.circumference=[47.2,55.6)} => {Chest.circumference=[79.3,95)}",0.138888888888889,0.875,3.34090909090909,35
"320","{Adiposity.index=[18.1,22.4),Neck.circumference=[31.1,36.6),Chest.circumference=[79.3,95)} => {Hip.circumference=[85,95.4)}",0.115079365079365,0.805555555555556,3.32786885245902,29
"153","{Percent.body.fat.using.Siri=[0,12.4),Neck.circumference=[31.1,36.6)} => {Chest.circumference=[79.3,95)}",0.107142857142857,0.870967741935484,3.32551319648094,27
"364","{Neck.circumference=[31.1,36.6),Thigh.circumference=[47.2,55.6),Knee.circumference=[33,36.7)} => {Chest.circumference=[79.3,95)}",0.107142857142857,0.870967741935484,3.32551319648094,27
"467","{Percent.body.fat.using.Siri=[0,12.4),Abdomen.circumference=[69.4,84.9),Hip.circumference=[85,95.4)} => {Chest.circumference=[79.3,95)}",0.107142857142857,0.870967741935484,3.32551319648094,27
"458","{Weight=[118,158),Neck.circumference=[31.1,36.6),Hip.circumference=[85,95.4)} => {Chest.circumference=[79.3,95)}",0.130952380952381,0.868421052631579,3.31578947368421,33
"57","{Thigh.circumference=[47.2,55.6),Knee.circumference=[33,36.7)} => {Abdomen.circumference=[69.4,84.9)}",0.126984126984127,0.842105263157895,3.31578947368421,32
"366","{Weight=[118,158),Hip.circumference=[85,95.4),Knee.circumference=[33,36.7)} => {Abdomen.circumference=[69.4,84.9)}",0.126984126984127,0.842105263157895,3.31578947368421,32
"39","{Adiposity.index=[18.1,22.4),Abdomen.circumference=[69.4,84.9)} => {Hip.circumference=[85,95.4)}",0.126984126984127,0.8,3.30491803278689,32
"454","{Weight=[118,158),Hip.circumference=[85,95.4),Ankle.circumference=[21.4,22.8)} => {Abdomen.circumference=[69.4,84.9)}",0.103174603174603,0.838709677419355,3.30241935483871,26
"386","{Abdomen.circumference=[69.4,84.9),Hip.circumference=[85,95.4),Knee.circumference=[33,36.7)} => {Chest.circumference=[79.3,95)}",0.123015873015873,0.861111111111111,3.28787878787879,31
"424","{Weight=[118,158),Neck.circumference=[31.1,36.6),Thigh.circumference=[47.2,55.6)} => {Chest.circumference=[79.3,95)}",0.123015873015873,0.861111111111111,3.28787878787879,31
"63","{Weight=[118,158),Knee.circumference=[33,36.7)} => {Abdomen.circumference=[69.4,84.9)}",0.134920634920635,0.829268292682927,3.26524390243902,34
"336","{Weight=[118,158),Thigh.circumference=[47.2,55.6),Knee.circumference=[33,36.7)} => {Chest.circumference=[79.3,95)}",0.115079365079365,0.852941176470588,3.25668449197861,29
"75","{Abdomen.circumference=[69.4,84.9),Knee.circumference=[33,36.7)} => {Chest.circumference=[79.3,95)}",0.134920634920635,0.85,3.24545454545455,34
"138","{Percent.body.fat.using.Siri=[0,12.4),Hip.circumference=[85,95.4)} => {Chest.circumference=[79.3,95)}",0.111111111111111,0.848484848484849,3.2396694214876,28
"394","{Neck.circumference=[31.1,36.6),Hip.circumference=[85,95.4),Knee.circumference=[33,36.7)} => {Chest.circumference=[79.3,95)}",0.111111111111111,0.848484848484849,3.2396694214876,28
"141","{Abdomen.circumference=[69.4,84.9),Hip.circumference=[85,95.4)} => {Chest.circumference=[79.3,95)}",0.154761904761905,0.847826086956522,3.23715415019763,39
"80","{Neck.circumference=[31.1,36.6),Knee.circumference=[33,36.7)} => {Chest.circumference=[79.3,95)}",0.130952380952381,0.846153846153846,3.23076923076923,33
"53","{Neck.circumference=[31.1,36.6),Forearm.circumference=[21,26.8)} => {Chest.circumference=[79.3,95)}",0.107142857142857,0.84375,3.22159090909091,27
"114","{Weight=[118,158),Hip.circumference=[85,95.4)} => {Abdomen.circumference=[69.4,84.9)}",0.158730158730159,0.816326530612245,3.21428571428571,40
"132","{Weight=[118,158),Neck.circumference=[31.1,36.6)} => {Chest.circumference=[79.3,95)}",0.146825396825397,0.840909090909091,3.21074380165289,37
"124","{Percent.body.fat.using.Siri=[0,12.4),Weight=[118,158)} => {Chest.circumference=[79.3,95)}",0.103174603174603,0.838709677419355,3.20234604105572,26
"248","{Adiposity.index=[18.1,22.4),Abdomen.circumference=[69.4,84.9),Knee.circumference=[33,36.7)} => {Neck.circumference=[31.1,36.6)}",0.111111111111111,0.96551724137931,3.20145190562613,28
"252","{Adiposity.index=[18.1,22.4),Chest.circumference=[79.3,95),Knee.circumference=[33,36.7)} => {Neck.circumference=[31.1,36.6)}",0.111111111111111,0.96551724137931,3.20145190562613,28
"130","{Weight=[118,158),Ankle.circumference=[21.4,22.8)} => {Abdomen.circumference=[69.4,84.9)}",0.119047619047619,0.810810810810811,3.19256756756757,30
"474","{Chest.circumference=[102,111),Abdomen.circumference=[94.8,107),Knee.circumference=[38.9,41.4)} => {Weight=[183,214)}",0.103174603174603,0.896551724137931,3.18212724623604,26
"109","{Neck.circumference=[31.1,36.6),Thigh.circumference=[47.2,55.6)} => {Chest.circumference=[79.3,95)}",0.138888888888889,0.833333333333333,3.18181818181818,35
"146","{Hip.circumference=[85,95.4),Ankle.circumference=[21.4,22.8)} => {Abdomen.circumference=[69.4,84.9)}",0.115079365079365,0.805555555555556,3.171875,29
"65","{Weight=[118,158),Knee.circumference=[33,36.7)} => {Chest.circumference=[79.3,95)}",0.134920634920635,0.829268292682927,3.16629711751663,34
"70","{Hip.circumference=[85,95.4),Knee.circumference=[33,36.7)} => {Abdomen.circumference=[69.4,84.9)}",0.142857142857143,0.8,3.15,36
"155","{Neck.circumference=[31.1,36.6),Chest.circumference=[79.3,95)} => {Abdomen.circumference=[69.4,84.9)}",0.158730158730159,0.8,3.15,40
"404","{Weight=[118,158),Hip.circumference=[85,95.4),Thigh.circumference=[47.2,55.6)} => {Chest.circumference=[79.3,95)}",0.130952380952381,0.825,3.15,33
"288","{Adiposity.index=[18.1,22.4),Chest.circumference=[79.3,95),Thigh.circumference=[47.2,55.6)} => {Neck.circumference=[31.1,36.6)}",0.123015873015873,0.939393939393939,3.11483253588517,31
"284","{Adiposity.index=[18.1,22.4),Abdomen.circumference=[69.4,84.9),Thigh.circumference=[47.2,55.6)} => {Neck.circumference=[31.1,36.6)}",0.119047619047619,0.9375,3.10855263157895,30
"315","{Adiposity.index=[18.1,22.4),Abdomen.circumference=[69.4,84.9),Hip.circumference=[85,95.4)} => {Neck.circumference=[31.1,36.6)}",0.119047619047619,0.9375,3.10855263157895,30
"87","{Weight=[118,158),Thigh.circumference=[47.2,55.6)} => {Chest.circumference=[79.3,95)}",0.138888888888889,0.813953488372093,3.10782241014799,35
"148","{Neck.circumference=[31.1,36.6),Hip.circumference=[85,95.4)} => {Chest.circumference=[79.3,95)}",0.138888888888889,0.813953488372093,3.10782241014799,35
"149","{Percent.body.fat.using.Siri=[0,12.4),Abdomen.circumference=[69.4,84.9)} => {Chest.circumference=[79.3,95)}",0.138888888888889,0.813953488372093,3.10782241014799,35
"17","{Adiposity.index=[18.1,22.4),Knee.circumference=[33,36.7)} => {Neck.circumference=[31.1,36.6)}",0.115079365079365,0.935483870967742,3.1018675721562,29
"318","{Adiposity.index=[18.1,22.4),Chest.circumference=[79.3,95),Hip.circumference=[85,95.4)} => {Neck.circumference=[31.1,36.6)}",0.115079365079365,0.935483870967742,3.1018675721562,29
"725","{Weight=[118,158),Chest.circumference=[79.3,95),Abdomen.circumference=[69.4,84.9),Knee.circumference=[33,36.7)} => {Neck.circumference=[31.1,36.6)}",0.115079365079365,0.935483870967742,3.1018675721562,29
"133","{Weight=[118,158),Ankle.circumference=[21.4,22.8)} => {Chest.circumference=[79.3,95)}",0.119047619047619,0.810810810810811,3.0958230958231,30
"705","{Chest.circumference=[79.3,95),Abdomen.circumference=[69.4,84.9),Thigh.circumference=[47.2,55.6),Knee.circumference=[33,36.7)} => {Neck.circumference=[31.1,36.6)}",0.103174603174603,0.928571428571429,3.07894736842105,26
"156","{Abdomen.circumference=[69.4,84.9),Ankle.circumference=[21.4,22.8)} => {Chest.circumference=[79.3,95)}",0.130952380952381,0.804878048780488,3.07317073170732,33
"439","{Chest.circumference=[79.3,95),Abdomen.circumference=[69.4,84.9),Thigh.circumference=[47.2,55.6)} => {Neck.circumference=[31.1,36.6)}",0.126984126984127,0.914285714285714,3.03157894736842,32
"760","{Weight=[118,158),Chest.circumference=[79.3,95),Abdomen.circumference=[69.4,84.9),Hip.circumference=[85,95.4)} => {Neck.circumference=[31.1,36.6)}",0.126984126984127,0.914285714285714,3.03157894736842,32
"378","{Weight=[118,158),Abdomen.circumference=[69.4,84.9),Knee.circumference=[33,36.7)} => {Neck.circumference=[31.1,36.6)}",0.123015873015873,0.911764705882353,3.02321981424149,31
"397","{Chest.circumference=[79.3,95),Abdomen.circumference=[69.4,84.9),Knee.circumference=[33,36.7)} => {Neck.circumference=[31.1,36.6)}",0.123015873015873,0.911764705882353,3.02321981424149,31
"41","{Adiposity.index=[18.1,22.4),Hip.circumference=[85,95.4)} => {Neck.circumference=[31.1,36.6)}",0.119047619047619,0.909090909090909,3.01435406698565,30
"305","{Weight=[118,158),Adiposity.index=[18.1,22.4),Abdomen.circumference=[69.4,84.9)} => {Neck.circumference=[31.1,36.6)}",0.119047619047619,0.909090909090909,3.01435406698565,30
"308","{Weight=[118,158),Adiposity.index=[18.1,22.4),Chest.circumference=[79.3,95)} => {Neck.circumference=[31.1,36.6)}",0.119047619047619,0.909090909090909,3.01435406698565,30
"266","{Weight=[118,158),Adiposity.index=[18.1,22.4),Thigh.circumference=[47.2,55.6)} => {Neck.circumference=[31.1,36.6)}",0.115079365079365,0.90625,3.00493421052632,29
"359","{Abdomen.circumference=[69.4,84.9),Thigh.circumference=[47.2,55.6),Knee.circumference=[33,36.7)} => {Neck.circumference=[31.1,36.6)}",0.115079365079365,0.90625,3.00493421052632,29
"164","{Abdomen.circumference=[94.8,107),Knee.circumference=[38.9,41.4)} => {Weight=[183,214)}",0.130952380952381,0.846153846153846,3.0032502708559,33
"52","{Chest.circumference=[79.3,95),Forearm.circumference=[21,26.8)} => {Neck.circumference=[31.1,36.6)}",0.107142857142857,0.9,2.98421052631579,27
"105","{Abdomen.circumference=[69.4,84.9),Thigh.circumference=[47.2,55.6)} => {Neck.circumference=[31.1,36.6)}",0.142857142857143,0.9,2.98421052631579,36
"363","{Chest.circumference=[79.3,95),Thigh.circumference=[47.2,55.6),Knee.circumference=[33,36.7)} => {Neck.circumference=[31.1,36.6)}",0.107142857142857,0.9,2.98421052631579,27
"108","{Chest.circumference=[79.3,95),Thigh.circumference=[47.2,55.6)} => {Neck.circumference=[31.1,36.6)}",0.138888888888889,0.897435897435897,2.97570850202429,35
"101","{Percent.body.fat.using.Siri=[0,12.4),Thigh.circumference=[47.2,55.6)} => {Neck.circumference=[31.1,36.6)}",0.103174603174603,0.896551724137931,2.97277676950998,26
"476","{Weight=[183,214),Adiposity.index=[25.2,29),Abdomen.circumference=[94.8,107)} => {Chest.circumference=[102,111)}",0.111111111111111,0.8,2.96470588235294,28
"28","{Adiposity.index=[18.1,22.4),Thigh.circumference=[47.2,55.6)} => {Neck.circumference=[31.1,36.6)}",0.126984126984127,0.888888888888889,2.94736842105263,32
"36","{Weight=[118,158),Adiposity.index=[18.1,22.4)} => {Neck.circumference=[31.1,36.6)}",0.123015873015873,0.885714285714286,2.93684210526316,31
"382","{Weight=[118,158),Chest.circumference=[79.3,95),Knee.circumference=[33,36.7)} => {Neck.circumference=[31.1,36.6)}",0.119047619047619,0.882352941176471,2.92569659442724,30
"49","{Adiposity.index=[18.1,22.4),Chest.circumference=[79.3,95)} => {Neck.circumference=[31.1,36.6)}",0.142857142857143,0.878048780487805,2.91142490372272,36
"134","{Chest.circumference=[102,111),Hip.circumference=[102,111)} => {Weight=[183,214)}",0.107142857142857,0.818181818181818,2.90396927016645,27
"46","{Adiposity.index=[18.1,22.4),Abdomen.circumference=[69.4,84.9)} => {Neck.circumference=[31.1,36.6)}",0.138888888888889,0.875,2.90131578947368,35
"450","{Weight=[118,158),Abdomen.circumference=[69.4,84.9),Hip.circumference=[85,95.4)} => {Neck.circumference=[31.1,36.6)}",0.138888888888889,0.875,2.90131578947368,35
"461","{Weight=[118,158),Chest.circumference=[79.3,95),Abdomen.circumference=[69.4,84.9)} => {Neck.circumference=[31.1,36.6)}",0.138888888888889,0.875,2.90131578947368,35
"469","{Chest.circumference=[79.3,95),Abdomen.circumference=[69.4,84.9),Hip.circumference=[85,95.4)} => {Neck.circumference=[31.1,36.6)}",0.134920634920635,0.871794871794872,2.89068825910931,34
"157","{Chest.circumference=[102,111),Knee.circumference=[38.9,41.4)} => {Weight=[183,214)}",0.119047619047619,0.810810810810811,2.87780738484964,30
"136","{Adiposity.index=[25.2,29),Hip.circumference=[102,111)} => {Thigh.circumference=[60.6,66.6)}",0.107142857142857,0.84375,2.87331081081081,27
"389","{Abdomen.circumference=[69.4,84.9),Hip.circumference=[85,95.4),Knee.circumference=[33,36.7)} => {Neck.circumference=[31.1,36.6)}",0.123015873015873,0.861111111111111,2.85526315789474,31
"340","{Weight=[118,158),Thigh.circumference=[47.2,55.6),Knee.circumference=[33,36.7)} => {Neck.circumference=[31.1,36.6)}",0.115079365079365,0.852941176470588,2.828173374613,29
"77","{Abdomen.circumference=[69.4,84.9),Knee.circumference=[33,36.7)} => {Neck.circumference=[31.1,36.6)}",0.134920634920635,0.85,2.81842105263158,34
"408","{Weight=[118,158),Hip.circumference=[85,95.4),Thigh.circumference=[47.2,55.6)} => {Neck.circumference=[31.1,36.6)}",0.134920634920635,0.85,2.81842105263158,34
"393","{Chest.circumference=[79.3,95),Hip.circumference=[85,95.4),Knee.circumference=[33,36.7)} => {Neck.circumference=[31.1,36.6)}",0.111111111111111,0.848484848484849,2.8133971291866,28
"79","{Chest.circumference=[79.3,95),Knee.circumference=[33,36.7)} => {Neck.circumference=[31.1,36.6)}",0.130952380952381,0.846153846153846,2.80566801619433,33
"457","{Weight=[118,158),Chest.circumference=[79.3,95),Hip.circumference=[85,95.4)} => {Neck.circumference=[31.1,36.6)}",0.130952380952381,0.846153846153846,2.80566801619433,33
"127","{Weight=[118,158),Abdomen.circumference=[69.4,84.9)} => {Neck.circumference=[31.1,36.6)}",0.150793650793651,0.844444444444444,2.8,38
"89","{Weight=[118,158),Thigh.circumference=[47.2,55.6)} => {Neck.circumference=[31.1,36.6)}",0.142857142857143,0.837209302325581,2.77600979192166,36
"473","{Weight=[183,214),Chest.circumference=[102,111),Knee.circumference=[38.9,41.4)} => {Abdomen.circumference=[94.8,107)}",0.103174603174603,0.866666666666667,2.76455696202532,26
"6","{Adiposity.index=[18.1,22.4)} => {Neck.circumference=[31.1,36.6)}",0.150793650793651,0.826086956521739,2.73913043478261,38
"143","{Abdomen.circumference=[69.4,84.9),Hip.circumference=[85,95.4)} => {Neck.circumference=[31.1,36.6)}",0.150793650793651,0.826086956521739,2.73913043478261,38
"351","{Hip.circumference=[85,95.4),Thigh.circumference=[47.2,55.6),Knee.circumference=[33,36.7)} => {Neck.circumference=[31.1,36.6)}",0.111111111111111,0.823529411764706,2.73065015479876,28
"131","{Weight=[118,158),Chest.circumference=[79.3,95)} => {Neck.circumference=[31.1,36.6)}",0.146825396825397,0.822222222222222,2.72631578947368,37
"167","{Height=[71.4,77.8],Adiposity.index=[25.2,29)} => {Abdomen.circumference=[94.8,107)}",0.115079365079365,0.852941176470588,2.72077438570365,29
"3","{Wrist.circumference=[15.8,17.2)} => {Neck.circumference=[31.1,36.6)}",0.107142857142857,0.818181818181818,2.71291866028708,27
"139","{Percent.body.fat.using.Siri=[0,12.4),Hip.circumference=[85,95.4)} => {Neck.circumference=[31.1,36.6)}",0.107142857142857,0.818181818181818,2.71291866028708,27
"135","{Chest.circumference=[102,111),Hip.circumference=[102,111)} => {Abdomen.circumference=[94.8,107)}",0.111111111111111,0.848484848484849,2.70655926352129,28
"159","{Height=[71.4,77.8],Chest.circumference=[102,111)} => {Abdomen.circumference=[94.8,107)}",0.111111111111111,0.848484848484849,2.70655926352129,28
"475","{Weight=[183,214),Adiposity.index=[25.2,29),Chest.circumference=[102,111)} => {Abdomen.circumference=[94.8,107)}",0.111111111111111,0.848484848484849,2.70655926352129,28
"60","{Thigh.circumference=[47.2,55.6),Knee.circumference=[33,36.7)} => {Neck.circumference=[31.1,36.6)}",0.123015873015873,0.815789473684211,2.70498614958449,31
"97","{Hip.circumference=[85,95.4),Thigh.circumference=[47.2,55.6)} => {Neck.circumference=[31.1,36.6)}",0.138888888888889,0.813953488372093,2.69889840881273,35
"147","{Chest.circumference=[79.3,95),Hip.circumference=[85,95.4)} => {Neck.circumference=[31.1,36.6)}",0.138888888888889,0.813953488372093,2.69889840881273,35
"67","{Weight=[118,158),Knee.circumference=[33,36.7)} => {Neck.circumference=[31.1,36.6)}",0.130952380952381,0.804878048780488,2.66880616174583,33
"165","{Weight=[183,214),Adiposity.index=[25.2,29)} => {Abdomen.circumference=[94.8,107)}",0.138888888888889,0.833333333333333,2.65822784810127,35
"544","{Chest.circumference=[95,102),Hip.circumference=[95.4,102),Ankle.circumference=[21.4,22.8)} => {Weight=[158,183)}",0.103174603174603,0.962962962962963,2.63768115942029,26
"158","{Weight=[183,214),Chest.circumference=[102,111)} => {Abdomen.circumference=[94.8,107)}",0.150793650793651,0.826086956521739,2.63511282333517,38
"166","{Height=[71.4,77.8],Abdomen.circumference=[94.8,107)} => {Adiposity.index=[25.2,29)}",0.115079365079365,0.805555555555556,2.56962025316456,29
"769","{Chest.circumference=[95,102),Abdomen.circumference=[84.9,94.8),Hip.circumference=[95.4,102),Thigh.circumference=[55.6,60.6)} => {Adiposity.index=[22.4,25.2)}",0.111111111111111,0.848484848484849,2.48625792811839,28
"514","{Chest.circumference=[95,102),Thigh.circumference=[55.6,60.6),Knee.circumference=[36.7,38.9)} => {Abdomen.circumference=[84.9,94.8)}",0.103174603174603,0.866666666666667,2.48181818181818,26
"531","{Abdomen.circumference=[84.9,94.8),Hip.circumference=[95.4,102),Ankle.circumference=[21.4,22.8)} => {Weight=[158,183)}",0.111111111111111,0.903225806451613,2.47405329593268,28
"478","{Abdomen.circumference=[84.9,94.8),Hip.circumference=[95.4,102),Forearm.circumference=[26.8,28.8)} => {Weight=[158,183)}",0.107142857142857,0.9,2.46521739130435,27
"484","{Chest.circumference=[95,102),Abdomen.circumference=[84.9,94.8),Thigh.circumference=[55.6,60.6)} => {Adiposity.index=[22.4,25.2)}",0.123015873015873,0.837837837837838,2.45505971087366,31
"480","{Adiposity.index=[22.4,25.2),Abdomen.circumference=[84.9,94.8),Knee.circumference=[36.7,38.9)} => {Chest.circumference=[95,102)}",0.111111111111111,0.848484848484849,2.4297520661157,28
"767","{Adiposity.index=[22.4,25.2),Abdomen.circumference=[84.9,94.8),Hip.circumference=[95.4,102),Thigh.circumference=[55.6,60.6)} => {Chest.circumference=[95,102)}",0.111111111111111,0.848484848484849,2.4297520661157,28
"768","{Adiposity.index=[22.4,25.2),Chest.circumference=[95,102),Hip.circumference=[95.4,102),Thigh.circumference=[55.6,60.6)} => {Abdomen.circumference=[84.9,94.8)}",0.111111111111111,0.848484848484849,2.4297520661157,28
"524","{Abdomen.circumference=[84.9,94.8),Hip.circumference=[95.4,102),Knee.circumference=[36.7,38.9)} => {Weight=[158,183)}",0.142857142857143,0.878048780487805,2.4050901378579,36
"483","{Adiposity.index=[22.4,25.2),Chest.circumference=[95,102),Thigh.circumference=[55.6,60.6)} => {Abdomen.circumference=[84.9,94.8)}",0.123015873015873,0.837837837837838,2.3992628992629,31
"776","{Weight=[158,183),Chest.circumference=[95,102),Hip.circumference=[95.4,102),Thigh.circumference=[55.6,60.6)} => {Adiposity.index=[22.4,25.2)}",0.107142857142857,0.818181818181818,2.39746300211416,27
"501","{Adiposity.index=[22.4,25.2),Neck.circumference=[36.6,39.2),Hip.circumference=[95.4,102)} => {Chest.circumference=[95,102)}",0.119047619047619,0.833333333333333,2.38636363636364,30
"497","{Neck.circumference=[36.6,39.2),Chest.circumference=[95,102),Thigh.circumference=[55.6,60.6)} => {Adiposity.index=[22.4,25.2)}",0.103174603174603,0.8125,2.38081395348837,26
"511","{Hip.circumference=[95.4,102),Knee.circumference=[36.7,38.9),Extended.biceps.circumference=[31.6,34.7)} => {Weight=[158,183)}",0.103174603174603,0.866666666666667,2.37391304347826,26
"495","{Weight=[158,183),Chest.circumference=[95,102),Thigh.circumference=[55.6,60.6)} => {Adiposity.index=[22.4,25.2)}",0.115079365079365,0.805555555555556,2.36046511627907,29
"500","{Chest.circumference=[95,102),Hip.circumference=[95.4,102),Thigh.circumference=[55.6,60.6)} => {Adiposity.index=[22.4,25.2)}",0.130952380952381,0.804878048780488,2.35847986386841,33
"481","{Adiposity.index=[22.4,25.2),Chest.circumference=[95,102),Knee.circumference=[36.7,38.9)} => {Abdomen.circumference=[84.9,94.8)}",0.111111111111111,0.823529411764706,2.35828877005348,28
"538","{Chest.circumference=[95,102),Hip.circumference=[95.4,102),Knee.circumference=[36.7,38.9)} => {Weight=[158,183)}",0.146825396825397,0.86046511627907,2.35692618806876,37
"485","{Adiposity.index=[22.4,25.2),Neck.circumference=[36.6,39.2),Abdomen.circumference=[84.9,94.8)} => {Chest.circumference=[95,102)}",0.107142857142857,0.818181818181818,2.34297520661157,27
"536","{Weight=[158,183),Neck.circumference=[36.6,39.2),Knee.circumference=[36.7,38.9)} => {Chest.circumference=[95,102)}",0.107142857142857,0.818181818181818,2.34297520661157,27
"781","{Weight=[158,183),Chest.circumference=[95,102),Hip.circumference=[95.4,102),Thigh.circumference=[55.6,60.6)} => {Abdomen.circumference=[84.9,94.8)}",0.107142857142857,0.818181818181818,2.34297520661157,27
"513","{Abdomen.circumference=[84.9,94.8),Thigh.circumference=[55.6,60.6),Knee.circumference=[36.7,38.9)} => {Chest.circumference=[95,102)}",0.103174603174603,0.8125,2.32670454545455,26
"517","{Weight=[158,183),Neck.circumference=[36.6,39.2),Abdomen.circumference=[84.9,94.8)} => {Chest.circumference=[95,102)}",0.103174603174603,0.8125,2.32670454545455,26
"493","{Adiposity.index=[22.4,25.2),Hip.circumference=[95.4,102),Knee.circumference=[36.7,38.9)} => {Chest.circumference=[95,102)}",0.119047619047619,0.810810810810811,2.32186732186732,30
"535","{Neck.circumference=[36.6,39.2),Chest.circumference=[95,102),Knee.circumference=[36.7,38.9)} => {Weight=[158,183)}",0.107142857142857,0.84375,2.31114130434783,27
"522","{Neck.circumference=[36.6,39.2),Abdomen.circumference=[84.9,94.8),Hip.circumference=[95.4,102)} => {Chest.circumference=[95,102)}",0.115079365079365,0.805555555555556,2.30681818181818,29
"516","{Abdomen.circumference=[84.9,94.8),Hip.circumference=[95.4,102),Knee.circumference=[36.7,38.9)} => {Chest.circumference=[95,102)}",0.130952380952381,0.804878048780488,2.30487804878049,33
"521","{Chest.circumference=[95,102),Hip.circumference=[95.4,102),Thigh.circumference=[55.6,60.6)} => {Abdomen.circumference=[84.9,94.8)}",0.130952380952381,0.804878048780488,2.30487804878049,33
"519","{Chest.circumference=[95,102),Abdomen.circumference=[84.9,94.8),Hip.circumference=[95.4,102)} => {Weight=[158,183)}",0.146825396825397,0.840909090909091,2.30335968379447,37
"527","{Abdomen.circumference=[84.9,94.8),Hip.circumference=[95.4,102),Thigh.circumference=[55.6,60.6)} => {Weight=[158,183)}",0.142857142857143,0.837209302325581,2.29322548028311,36
"482","{Weight=[158,183),Adiposity.index=[22.4,25.2),Abdomen.circumference=[84.9,94.8)} => {Chest.circumference=[95,102)}",0.111111111111111,0.8,2.29090909090909,28
"766","{Adiposity.index=[22.4,25.2),Chest.circumference=[95,102),Abdomen.circumference=[84.9,94.8),Hip.circumference=[95.4,102)} => {Thigh.circumference=[55.6,60.6)}",0.111111111111111,0.903225806451613,2.27612903225806,28
"512","{Weight=[158,183),Hip.circumference=[95.4,102),Extended.biceps.circumference=[31.6,34.7)} => {Knee.circumference=[36.7,38.9)}",0.103174603174603,0.8125,2.275,26
"555","{Neck.circumference=[36.6,39.2),Hip.circumference=[95.4,102),Ankle.circumference=[21.4,22.8)} => {Weight=[158,183)}",0.111111111111111,0.823529411764706,2.25575447570332,28
"188","{Abdomen.circumference=[84.9,94.8),Hip.circumference=[95.4,102)} => {Weight=[158,183)}",0.202380952380952,0.82258064516129,2.2531556802244,51
"775","{Adiposity.index=[22.4,25.2),Chest.circumference=[95,102),Hip.circumference=[95.4,102),Thigh.circumference=[55.6,60.6)} => {Weight=[158,183)}",0.107142857142857,0.818181818181818,2.24110671936759,27
"176","{Extended.biceps.circumference=[28.8,31.6),Wrist.circumference=[18.1,19.1)} => {Weight=[158,183)}",0.103174603174603,0.8125,2.22554347826087,26
"192","{Chest.circumference=[95,102),Ankle.circumference=[21.4,22.8)} => {Weight=[158,183)}",0.119047619047619,0.810810810810811,2.22091656874266,30
"542","{Chest.circumference=[95,102),Hip.circumference=[95.4,102),Thigh.circumference=[55.6,60.6)} => {Weight=[158,183)}",0.130952380952381,0.804878048780488,2.20466595970308,33
"546","{Neck.circumference=[36.6,39.2),Chest.circumference=[95,102),Hip.circumference=[95.4,102)} => {Weight=[158,183)}",0.130952380952381,0.804878048780488,2.20466595970308,33
"774","{Weight=[158,183),Adiposity.index=[22.4,25.2),Chest.circumference=[95,102),Hip.circumference=[95.4,102)} => {Thigh.circumference=[55.6,60.6)}",0.107142857142857,0.870967741935484,2.19483870967742,27
"548","{Weight=[158,183),Thigh.circumference=[55.6,60.6),Knee.circumference=[36.7,38.9)} => {Hip.circumference=[95.4,102)}",0.134920634920635,0.971428571428571,2.12869565217391,34
"771","{Weight=[158,183),Adiposity.index=[22.4,25.2),Abdomen.circumference=[84.9,94.8),Hip.circumference=[95.4,102)} => {Thigh.circumference=[55.6,60.6)}",0.107142857142857,0.84375,2.12625,27
"539","{Chest.circumference=[95,102),Thigh.circumference=[55.6,60.6),Knee.circumference=[36.7,38.9)} => {Hip.circumference=[95.4,102)}",0.115079365079365,0.966666666666667,2.11826086956522,29
"504","{Weight=[158,183),Adiposity.index=[22.4,25.2),Neck.circumference=[36.6,39.2)} => {Thigh.circumference=[55.6,60.6)}",0.103174603174603,0.838709677419355,2.11354838709677,26
"770","{Weight=[158,183),Adiposity.index=[22.4,25.2),Abdomen.circumference=[84.9,94.8),Thigh.circumference=[55.6,60.6)} => {Hip.circumference=[95.4,102)}",0.107142857142857,0.964285714285714,2.11304347826087,27
"779","{Weight=[158,183),Chest.circumference=[95,102),Abdomen.circumference=[84.9,94.8),Thigh.circumference=[55.6,60.6)} => {Hip.circumference=[95.4,102)}",0.107142857142857,0.964285714285714,2.11304347826087,27
"556","{Neck.circumference=[36.6,39.2),Thigh.circumference=[55.6,60.6),Ankle.circumference=[21.4,22.8)} => {Hip.circumference=[95.4,102)}",0.103174603174603,0.962962962962963,2.11014492753623,26
"506","{Weight=[158,183),Adiposity.index=[22.4,25.2),Hip.circumference=[95.4,102)} => {Thigh.circumference=[55.6,60.6)}",0.142857142857143,0.837209302325581,2.10976744186047,36
"491","{Adiposity.index=[22.4,25.2),Abdomen.circumference=[84.9,94.8),Hip.circumference=[95.4,102)} => {Thigh.circumference=[55.6,60.6)}",0.130952380952381,0.825,2.079,33
"499","{Adiposity.index=[22.4,25.2),Chest.circumference=[95,102),Hip.circumference=[95.4,102)} => {Thigh.circumference=[55.6,60.6)}",0.130952380952381,0.825,2.079,33
"537","{Weight=[158,183),Chest.circumference=[95,102),Knee.circumference=[36.7,38.9)} => {Hip.circumference=[95.4,102)}",0.146825396825397,0.948717948717949,2.07892976588629,37
"523","{Weight=[158,183),Abdomen.circumference=[84.9,94.8),Knee.circumference=[36.7,38.9)} => {Hip.circumference=[95.4,102)}",0.142857142857143,0.947368421052632,2.07597254004577,36
"502","{Weight=[158,183),Adiposity.index=[22.4,25.2),Knee.circumference=[36.7,38.9)} => {Hip.circumference=[95.4,102)}",0.115079365079365,0.935483870967742,2.04992987377279,29
"528","{Age=[34.7,47.1),Weight=[158,183),Abdomen.circumference=[84.9,94.8)} => {Hip.circumference=[95.4,102)}",0.111111111111111,0.933333333333333,2.04521739130435,28
"530","{Weight=[158,183),Abdomen.circumference=[84.9,94.8),Ankle.circumference=[21.4,22.8)} => {Hip.circumference=[95.4,102)}",0.111111111111111,0.933333333333333,2.04521739130435,28
"200","{Weight=[158,183),Height=[71.4,77.8]} => {Hip.circumference=[95.4,102)}",0.107142857142857,0.931034482758621,2.04017991004498,27
"551","{Thigh.circumference=[55.6,60.6),Knee.circumference=[36.7,38.9),Ankle.circumference=[21.4,22.8)} => {Hip.circumference=[95.4,102)}",0.107142857142857,0.931034482758621,2.04017991004498,27
"773","{Weight=[158,183),Adiposity.index=[22.4,25.2),Chest.circumference=[95,102),Thigh.circumference=[55.6,60.6)} => {Hip.circumference=[95.4,102)}",0.107142857142857,0.931034482758621,2.04017991004498,27
"171","{Percent.body.fat.using.Siri=[20,27.7),Knee.circumference=[36.7,38.9)} => {Hip.circumference=[95.4,102)}",0.103174603174603,0.928571428571429,2.03478260869565,26
"184","{Adiposity.index=[22.4,25.2),Hip.circumference=[95.4,102)} => {Thigh.circumference=[55.6,60.6)}",0.182539682539683,0.807017543859649,2.03368421052632,46
"494","{Weight=[158,183),Adiposity.index=[22.4,25.2),Chest.circumference=[95,102)} => {Thigh.circumference=[55.6,60.6)}",0.115079365079365,0.805555555555556,2.03,29
"180","{Weight=[158,183),Adiposity.index=[22.4,25.2)} => {Thigh.circumference=[55.6,60.6)}",0.162698412698413,0.803921568627451,2.02588235294118,41
"197","{Thigh.circumference=[55.6,60.6),Knee.circumference=[36.7,38.9)} => {Hip.circumference=[95.4,102)}",0.19047619047619,0.923076923076923,2.02274247491639,48
"526","{Weight=[158,183),Abdomen.circumference=[84.9,94.8),Thigh.circumference=[55.6,60.6)} => {Hip.circumference=[95.4,102)}",0.142857142857143,0.923076923076923,2.02274247491639,36
"205","{Height=[71.4,77.8],Thigh.circumference=[55.6,60.6)} => {Hip.circumference=[95.4,102)}",0.134920634920635,0.918918918918919,2.01363102232667,34
"541","{Weight=[158,183),Chest.circumference=[95,102),Thigh.circumference=[55.6,60.6)} => {Hip.circumference=[95.4,102)}",0.130952380952381,0.916666666666667,2.00869565217391,33
"488","{Weight=[158,183),Adiposity.index=[22.4,25.2),Abdomen.circumference=[84.9,94.8)} => {Hip.circumference=[95.4,102)}",0.126984126984127,0.914285714285714,2.00347826086957,32
"195","{Weight=[158,183),Knee.circumference=[36.7,38.9)} => {Hip.circumference=[95.4,102)}",0.206349206349206,0.912280701754386,1.99908466819222,52
"552","{Weight=[158,183),Thigh.circumference=[55.6,60.6),Ankle.circumference=[21.4,22.8)} => {Hip.circumference=[95.4,102)}",0.119047619047619,0.909090909090909,1.99209486166008,30
"532","{Weight=[158,183),Neck.circumference=[36.6,39.2),Abdomen.circumference=[84.9,94.8)} => {Hip.circumference=[95.4,102)}",0.115079365079365,0.90625,1.98586956521739,29
"540","{Neck.circumference=[36.6,39.2),Chest.circumference=[95,102),Knee.circumference=[36.7,38.9)} => {Hip.circumference=[95.4,102)}",0.115079365079365,0.90625,1.98586956521739,29
"765","{Adiposity.index=[22.4,25.2),Chest.circumference=[95,102),Abdomen.circumference=[84.9,94.8),Thigh.circumference=[55.6,60.6)} => {Hip.circumference=[95.4,102)}",0.111111111111111,0.903225806451613,1.97924263674614,28
"202","{Age=[34.7,47.1),Weight=[158,183)} => {Hip.circumference=[95.4,102)}",0.146825396825397,0.902439024390244,1.97751855779427,37
"518","{Weight=[158,183),Chest.circumference=[95,102),Abdomen.circumference=[84.9,94.8)} => {Hip.circumference=[95.4,102)}",0.146825396825397,0.902439024390244,1.97751855779427,37
"187","{Weight=[158,183),Abdomen.circumference=[84.9,94.8)} => {Hip.circumference=[95.4,102)}",0.202380952380952,0.894736842105263,1.96064073226545,51
"498","{Adiposity.index=[22.4,25.2),Chest.circumference=[95,102),Thigh.circumference=[55.6,60.6)} => {Hip.circumference=[95.4,102)}",0.130952380952381,0.891891891891892,1.95440658049354,33
"520","{Chest.circumference=[95,102),Abdomen.circumference=[84.9,94.8),Thigh.circumference=[55.6,60.6)} => {Hip.circumference=[95.4,102)}",0.130952380952381,0.891891891891892,1.95440658049354,33
"161","{Extended.biceps.circumference=[28.8,31.6),Wrist.circumference=[17.2,18.1)} => {Ankle.circumference=[21.4,22.8)}",0.103174603174603,0.8125,1.95,26
"206","{Age=[34.7,47.1),Thigh.circumference=[55.6,60.6)} => {Hip.circumference=[95.4,102)}",0.126984126984127,0.888888888888889,1.94782608695652,32
"492","{Adiposity.index=[22.4,25.2),Chest.circumference=[95,102),Knee.circumference=[36.7,38.9)} => {Hip.circumference=[95.4,102)}",0.119047619047619,0.882352941176471,1.93350383631714,30
"505","{Weight=[158,183),Adiposity.index=[22.4,25.2),Thigh.circumference=[55.6,60.6)} => {Hip.circumference=[95.4,102)}",0.142857142857143,0.878048780487805,1.92407211028632,36
"191","{Chest.circumference=[95,102),Knee.circumference=[36.7,38.9)} => {Hip.circumference=[95.4,102)}",0.170634920634921,0.877551020408163,1.92298136645963,43
"479","{Weight=[158,183),Thigh.circumference=[55.6,60.6),Forearm.circumference=[26.8,28.8)} => {Hip.circumference=[95.4,102)}",0.111111111111111,0.875,1.91739130434783,28
"554","{Weight=[158,183),Neck.circumference=[36.6,39.2),Ankle.circumference=[21.4,22.8)} => {Hip.circumference=[95.4,102)}",0.111111111111111,0.875,1.91739130434783,28
"194","{Chest.circumference=[95,102),Thigh.circumference=[55.6,60.6)} => {Hip.circumference=[95.4,102)}",0.162698412698413,0.872340425531915,1.91156336725254,41
"507","{Weight=[158,183),Adiposity.index=[22.4,25.2),Neck.circumference=[36.6,39.2)} => {Hip.circumference=[95.4,102)}",0.107142857142857,0.870967741935484,1.9085553997195,27
"545","{Weight=[158,183),Neck.circumference=[36.6,39.2),Chest.circumference=[95,102)} => {Hip.circumference=[95.4,102)}",0.130952380952381,0.868421052631579,1.90297482837529,33
"160","{Percent.body.fat.using.Siri=[12.4,20),Weight=[158,183)} => {Hip.circumference=[95.4,102)}",0.103174603174603,0.866666666666667,1.89913043478261,26
"182","{Height=[71.4,77.8],Adiposity.index=[22.4,25.2)} => {Hip.circumference=[95.4,102)}",0.103174603174603,0.866666666666667,1.89913043478261,26
"543","{Weight=[158,183),Chest.circumference=[95,102),Ankle.circumference=[21.4,22.8)} => {Hip.circumference=[95.4,102)}",0.103174603174603,0.866666666666667,1.89913043478261,26
"163","{Weight=[158,183),Wrist.circumference=[17.2,18.1)} => {Hip.circumference=[95.4,102)}",0.123015873015873,0.861111111111111,1.88695652173913,31
"496","{Weight=[158,183),Adiposity.index=[22.4,25.2),Chest.circumference=[95,102)} => {Hip.circumference=[95.4,102)}",0.123015873015873,0.861111111111111,1.88695652173913,31
"553","{Weight=[158,183),Neck.circumference=[36.6,39.2),Thigh.circumference=[55.6,60.6)} => {Hip.circumference=[95.4,102)}",0.123015873015873,0.861111111111111,1.88695652173913,31
"193","{Weight=[158,183),Chest.circumference=[95,102)} => {Hip.circumference=[95.4,102)}",0.19047619047619,0.857142857142857,1.87826086956522,48
"173","{Percent.body.fat.using.Siri=[20,27.7),Thigh.circumference=[55.6,60.6)} => {Hip.circumference=[95.4,102)}",0.115079365079365,0.852941176470588,1.8690537084399,29
"201","{Weight=[158,183),Thigh.circumference=[55.6,60.6)} => {Hip.circumference=[95.4,102)}",0.206349206349206,0.852459016393443,1.8679971489665,52
"486","{Adiposity.index=[22.4,25.2),Abdomen.circumference=[84.9,94.8),Knee.circumference=[36.7,38.9)} => {Hip.circumference=[95.4,102)}",0.111111111111111,0.848484848484849,1.85928853754941,28
"207","{Thigh.circumference=[55.6,60.6),Ankle.circumference=[21.4,22.8)} => {Hip.circumference=[95.4,102)}",0.154761904761905,0.847826086956522,1.8578449905482,39
"203","{Weight=[158,183),Ankle.circumference=[21.4,22.8)} => {Hip.circumference=[95.4,102)}",0.174603174603175,0.846153846153846,1.85418060200669,44
"490","{Adiposity.index=[22.4,25.2),Abdomen.circumference=[84.9,94.8),Thigh.circumference=[55.6,60.6)} => {Hip.circumference=[95.4,102)}",0.130952380952381,0.846153846153846,1.85418060200669,33
"162","{Abdomen.circumference=[84.9,94.8),Wrist.circumference=[17.2,18.1)} => {Hip.circumference=[95.4,102)}",0.107142857142857,0.84375,1.84891304347826,27
"170","{Weight=[158,183),Ankle.circumference=[22.8,24.5)} => {Hip.circumference=[95.4,102)}",0.107142857142857,0.84375,1.84891304347826,27
"181","{Weight=[158,183),Adiposity.index=[22.4,25.2)} => {Hip.circumference=[95.4,102)}",0.170634920634921,0.843137254901961,1.84757033248082,43
"185","{Weight=[158,183),Extended.biceps.circumference=[31.6,34.7)} => {Hip.circumference=[95.4,102)}",0.126984126984127,0.842105263157895,1.84530892448513,32
"189","{Height=[68.4,71.4),Abdomen.circumference=[84.9,94.8)} => {Hip.circumference=[95.4,102)}",0.103174603174603,0.838709677419355,1.83786816269285,26
"172","{Percent.body.fat.using.Siri=[20,27.7),Weight=[158,183)} => {Hip.circumference=[95.4,102)}",0.119047619047619,0.833333333333333,1.82608695652174,30
"196","{Height=[68.4,71.4),Knee.circumference=[36.7,38.9)} => {Hip.circumference=[95.4,102)}",0.119047619047619,0.833333333333333,1.82608695652174,30
"199","{Weight=[158,183),Height=[68.4,71.4)} => {Hip.circumference=[95.4,102)}",0.134920634920635,0.829268292682927,1.81717921527041,34
"175","{Knee.circumference=[36.7,38.9),Extended.biceps.circumference=[28.8,31.6)} => {Hip.circumference=[95.4,102)}",0.115079365079365,0.828571428571429,1.81565217391304,29
"190","{Abdomen.circumference=[84.9,94.8),Thigh.circumference=[55.6,60.6)} => {Hip.circumference=[95.4,102)}",0.170634920634921,0.826923076923077,1.81204013377926,43
"9","{Weight=[158,183)} => {Hip.circumference=[95.4,102)}",0.301587301587302,0.826086956521739,1.81020793950851,76
"208","{Thigh.circumference=[55.6,60.6),Wrist.circumference=[18.1,19.1)} => {Hip.circumference=[95.4,102)}",0.130952380952381,0.825,1.80782608695652,33
"198","{Age=[34.7,47.1),Knee.circumference=[36.7,38.9)} => {Hip.circumference=[95.4,102)}",0.111111111111111,0.823529411764706,1.80460358056266,28
"179","{Adiposity.index=[22.4,25.2),Knee.circumference=[36.7,38.9)} => {Hip.circumference=[95.4,102)}",0.146825396825397,0.822222222222222,1.80173913043478,37
"186","{Abdomen.circumference=[84.9,94.8),Knee.circumference=[36.7,38.9)} => {Hip.circumference=[95.4,102)}",0.162698412698413,0.82,1.79686956521739,41
"174","{Abdomen.circumference=[84.9,94.8),Extended.biceps.circumference=[28.8,31.6)} => {Hip.circumference=[95.4,102)}",0.107142857142857,0.818181818181818,1.79288537549407,27
"178","{Thigh.circumference=[55.6,60.6),Forearm.circumference=[26.8,28.8)} => {Hip.circumference=[95.4,102)}",0.150793650793651,0.808510638297872,1.77169287696577,38
"183","{Adiposity.index=[22.4,25.2),Thigh.circumference=[55.6,60.6)} => {Hip.circumference=[95.4,102)}",0.182539682539683,0.807017543859649,1.76842105263158,46
"168","{Chest.circumference=[95,102),Ankle.circumference=[22.8,24.5)} => {Hip.circumference=[95.4,102)}",0.111111111111111,0.8,1.75304347826087,28
"169","{Knee.circumference=[36.7,38.9),Ankle.circumference=[22.8,24.5)} => {Hip.circumference=[95.4,102)}",0.111111111111111,0.8,1.75304347826087,28
